query,path,url
vogue runway emerald dress,data/latest/images/vogue_runway_emerald_dress_87b0aca83ef9457f.jpg,"https://cdn.mos.cms.futurecdn.net/v2/t:0,l:420,cw:1080,ch:1080,q:80,w:1080/eQaQKeAcjsbrV8sps63MhY.jpg"
vogue runway emerald dress,data/latest/images/vogue_runway_emerald_dress_97315d19c69176cb.jpg,https://media.vogue.co.uk/photos/68ff4bae63186ab60c96fa8f/master/w_1600%2Cc_limit/EC-271025-2JTCM9P-(1).jpg
vogue runway emerald dress,data/latest/images/vogue_runway_emerald_dress_ddffe0eb5d408075.jpg,"https://substackcdn.com/image/fetch/$s_!dwre!,f_auto,q_auto:good,fl_progressive:steep/https%3A%2F%2Fsubstack-post-media.s3.amazonaws.com%2Fpublic%2Fimages%2F33b4eee9-335c-4193-a341-0ba3d2bb7a26_2668x4000.jpeg"
vogue runway emerald dress,data/latest/images/vogue_runway_emerald_dress_acb98b7e7e86f667.jpg,"https://media.glamour.com/photos/56958ea6d9dab9ff41b27582/master/w_1500,h_2248,c_limit/fashion-2013-02-monique-lhuillier-emerald-green-main.jpg"
vogue runway emerald dress,data/latest/images/vogue_runway_emerald_dress_6542aa8872bd2a86.jpg,https://i.pinimg.com/474x/ee/c4/78/eec478eabbc10ec4bceabbfb0267d61a.jpg
vogue runway emerald dress,data/latest/images/vogue_runway_emerald_dress_bddf16bb8be52696.jpg,https://lookaside.instagram.com/seo/google_widget/crawler/?media_id=3392758329997057215
vogue runway emerald dress,data/latest/images/vogue_runway_emerald_dress_dde6447715af8237.jpg,"https://substackcdn.com/image/fetch/$s_!lbyI!,f_auto,q_auto:good,fl_progressive:steep/https%3A%2F%2Fsubstack-post-media.s3.amazonaws.com%2Fpublic%2Fimages%2Fa3b7f2e8-ae95-449d-9900-c2619e9e2a5c_4286x6000.jpeg"
vogue runway emerald dress,data/latest/images/vogue_runway_emerald_dress_906392c8c8d27446.jpg,https://a.1stdibscdn.com/f-w-2003-yves-saint-laurent-by-tom-ford-runway-emerald-green-ruffle-silk-dress-for-sale/v_23882/v_149309721646677701819/v_14930972_1646677702462_bg_processed.jpg?width=768
vogue runway emerald dress,data/latest/images/vogue_runway_emerald_dress_b888ef8359f722f9.jpg,https://invitadisima.com/54780-large_default/emerald-green-evening-dress-with-corset-and-high-leg-slit.jpg
vogue runway emerald dress,data/latest/images/vogue_runway_emerald_dress_65689b03b8e8737f.jpg,"https://media.glamour.com/photos/56958ea6d9dab9ff41b27582/16:9/w_1280,c_limit/fashion-2013-02-monique-lhuillier-emerald-green-main.jpg"
vogue runway emerald dress,data/latest/images/vogue_runway_emerald_dress_827ccabd0ad0107f.jpg,https://lookaside.instagram.com/seo/google_widget/crawler/?media_id=3299891626011567527
vogue runway emerald dress,data/latest/images/vogue_runway_emerald_dress_442be1dfadeef1d9.jpg,https://pyxis.nymag.com/v1/imgs/1b2/e78/c46c03c0d72b6e3cad43a891543ad5b967-color-lede.rsquare.w400.jpg
vogue runway emerald dress,data/latest/images/vogue_runway_emerald_dress_834e34aa986e7ded.jpg,https://lookaside.instagram.com/seo/google_widget/crawler/?media_id=3665789746077053795
vogue runway emerald dress,data/latest/images/vogue_runway_emerald_dress_d60d6eb0980d95e9.jpg,https://assets.vogue.com/photos/6196b9d49d45634ce7fb335e/master/w_2560%2Cc_limit/GettyImages-1354056821.jpg
vogue runway emerald dress,data/latest/images/vogue_runway_emerald_dress_1047b58fd4311c97.jpg,https://blogger.googleusercontent.com/img/b/R29vZ2xl/AVvXsEglDsalhBugnU6xAw_n6fGa4yZ3ZUvmbUiGKj8e4AjXutufGoRZjwW9NmqpAgoYf9c6ZLwSoinbvkgzhrOkAEwFAI8gdUBHTdBTbUQtUOGqtJdg2LT6LQOBubvP9WLIzqM0omAX_OJQ5qk/s1600/700018580_AN_7900_9260C85010CF4C030D1AEF6893441C34.jpg
vogue runway emerald dress,data/latest/images/vogue_runway_emerald_dress_04cf3799b683f372.jpg,https://assets.vogue.com/photos/57ebfb999e1526016f4bc18a/master/w_2560%2Cc_limit/_ROC0041.jpg
vogue runway emerald dress,data/latest/images/vogue_runway_emerald_dress_dd9fd88bcf1a639c.jpg,"https://assets.vogue.com/photos/68ff6ac46dabb05713030f63/1:1/w_1920,h_1920,c_limit/MCDATON_EC027.jpg"
vogue runway emerald dress,data/latest/images/vogue_runway_emerald_dress_e1480f0a9729a644.jpg,"https://assets.vogue.com/photos/67c4e698be8aa809f4af5c58/2:3/w_2666,h_3999,c_limit/GettyImages-2202903367%20(1).jpg"
vogue runway emerald dress,data/latest/images/vogue_runway_emerald_dress_ed1a4dab4ec12780.jpg,"https://media.vogue.co.uk/photos/5e5f7ed8c59fb30008dbd22f/16:9/w_1936,h_1089,c_limit/Green%20dress%20Anna%20Ewers.jpg"
vogue runway emerald dress,data/latest/images/vogue_runway_emerald_dress_219b14495d3b48db.jpg,https://www.redcarpet-fashionawards.com/wp-content/uploads/2023/09/FENDI-Couture-for-Her-Royal-Highness-Princess-Eugenie-of-York-Vogue-World.jpg
vogue runway emerald dress,data/latest/images/vogue_runway_emerald_dress_94c1289acf40d6c1.jpg,https://assets.vogue.com/photos/68ff69b287bb4d3bb1540ee8/master/w_1600%2Cc_limit/Vogue%2520World_108.jpeg
vogue runway emerald dress,data/latest/images/vogue_runway_emerald_dress_53c47593e392767a.jpg,https://www.visionsofvogue.com/wp-content/uploads/2016/12/Holiday-Dresses-RTR-Visions-of-Vogue-24.jpg
vogue runway emerald dress,data/latest/images/vogue_runway_emerald_dress_1c1b7b426a53134a.jpg,https://www.visionsofvogue.com/wp-content/uploads/2016/12/Holiday-Dresses-RTR-Visions-of-Vogue-19.jpg
vogue runway emerald dress,data/latest/images/vogue_runway_emerald_dress_db6817d267cccdc9.jpg,https://media.glamour.com/photos/56958ea65fff94d44eecae91/master/w_1600%2Cc_limit/fashion-2013-02-monique-lhuillier2-emerald-green-main.jpg
vogue runway emerald dress,data/latest/images/vogue_runway_emerald_dress_21f71ee5f049a409.jpg,"https://media.vogue.co.uk/photos/5e5f7ed8c59fb30008dbd22f/1:1/w_1259,h_1260,c_limit/Green%20dress%20Anna%20Ewers.jpg"
vogue runway emerald dress,data/latest/images/vogue_runway_emerald_dress_3ece3554536b6352.jpg,https://media.gettyimages.com/id/1321066650/photo/sydney-australia-a-model-walks-the-runway-during-the-oroton-show-during-afterpay-australian.jpg?s=612x612&w=gi&k=20&c=zu27XZQGryJg9nav_32qnDPTAcRCvLKhZ6IjvTPmtDU=
vogue runway emerald dress,data/latest/images/vogue_runway_emerald_dress_d6a231d6581c6191.jpg,https://i.pinimg.com/564x/d8/86/3c/d8863c490f08eb19bca1a0a92370c414.jpg
vogue runway emerald dress,data/latest/images/vogue_runway_emerald_dress_81d4c9408083f8f2.jpg,"https://assets.vogue.com/photos/68a39c05dd967cafa51667cb/1:1/w_1067,h_1067,c_limit/madison%20+%20jonas_alyssarosephotography_69.jpg"
vogue runway emerald dress,data/latest/images/vogue_runway_emerald_dress_42d86f2a6a1cd64a.jpg,https://lookaside.instagram.com/seo/google_widget/crawler/?media_id=3392758329988808578
vogue runway emerald dress,data/latest/images/vogue_runway_emerald_dress_8a69375e2f47ed37.jpg,https://assets.vogue.com/photos/59bf9f4a4f346f768ca77532/master/w_2560%2Cc_limit/_LLL2905.jpg
vogue runway emerald dress,data/latest/images/vogue_runway_emerald_dress_357316de8e2d3c32.jpg,https://assets.vogue.com/photos/55c651c308298d8be22788f1/16:9/pass/ERD_0038.jpg
vogue runway emerald dress,data/latest/images/vogue_runway_emerald_dress_55d113b9ecf2890a.jpg,https://assets.vogue.com/photos/5e3dfcacd9f82a0008dd9fed/master/w_2560%2Cc_limit/_FIO0062.jpg
vogue runway emerald dress,data/latest/images/vogue_runway_emerald_dress_05071ba5fa272d74.jpg,https://www.visionsofvogue.com/wp-content/uploads/2016/12/Holiday-Dresses-RTR-Visions-of-Vogue-Header.jpg
vogue runway emerald dress,data/latest/images/vogue_runway_emerald_dress_16f9fae3ae9466ae.jpg,https://lookaside.instagram.com/seo/google_widget/crawler/?media_id=3020746358561992307
vogue runway emerald dress,data/latest/images/vogue_runway_emerald_dress_81cd9705c6753f74.jpg,"https://res.cloudinary.com/wolfandbadger/image/upload/f_auto,q_auto:best,c_pad,b_white,h_800,w_800/products/emerald-corset-high-slit-gown-napoli__4265806d68df68290c54caad42b78466"
vogue runway emerald dress,data/latest/images/vogue_runway_emerald_dress_49f0aaf35c74c7e6.jpg,https://media.interaksyon.com/wp-content/uploads/2023/11/MixCollage-16-Nov-2023-01-14-PM-4233.jpg
vogue runway emerald dress,data/latest/images/vogue_runway_emerald_dress_c11670d183d8f9b2.jpg,https://fashionhistory.fitnyc.edu/wp-content/uploads/2020/08/elie-saab-fall-2004-couture-00310h-eugenia-volodina-scaled.jpg
vogue runway emerald dress,data/latest/images/vogue_runway_emerald_dress_2bea8175f7899c76.webp,https://www.universityoffashion.com/blog/wp-content/uploads/2022/07/A-look-from-Balenciagas-Fall-2022-Couture-Collection.-Photo-Credit-Vogue-Runway.5-scaled.webp
vogue runway emerald dress,data/latest/images/vogue_runway_emerald_dress_984dc020d614064d.jpg,https://i.guim.co.uk/img/media/9a2aad90eddd3ea0b121757f4b8dede42e05fcaa/0_0_3334_5000/master/3334.jpg?width=375&dpr=1&s=none&crop=none
vogue runway emerald dress,data/latest/images/vogue_runway_emerald_dress_de9e53cb510cc20a.jpg,https://cdn.mos.cms.futurecdn.net/5poejLU6opNWNMaRjrhuqb.jpg
vogue runway emerald dress,data/latest/images/vogue_runway_emerald_dress_797107e5aa6e8034.jpg,https://i.pinimg.com/736x/90/94/c5/9094c57fbdbefd7c1417803abf9c470f.jpg
vogue runway emerald dress,data/latest/images/vogue_runway_emerald_dress_b61fbd53e7dc6ffb.jpg,https://blog.pattern-vault.com/wp-content/uploads/2013/02/naomicampbell_givenchyfw1997.jpg
vogue runway emerald dress,data/latest/images/vogue_runway_emerald_dress_4b00cde88dde2431.jpg,https://assets.teenvogue.com/photos/5d8631f0141a5e0008bddd72/16:9/w_2560%2Cc_limit/GettyImages-1169904277.jpg
vogue runway emerald dress,data/latest/images/vogue_runway_emerald_dress_37e52eeaf6d4b557.jpg,https://i.pinimg.com/736x/10/08/6b/10086b8bda67c21af378733b83d3176e.jpg
vogue runway emerald dress,data/latest/images/vogue_runway_emerald_dress_e39191504cdd0cf8.jpg,https://assets.vogue.com/photos/673135cf878cd22922a5ee10/master/w_1600%2Cc_limit/DSC07384.jpg
vogue runway emerald dress,data/latest/images/vogue_runway_emerald_dress_e7ccfe27bf2033d1.jpg,https://www.inquirer.com/resizer/v2/GOOTHVSBIBBM7EC7EF4WIM4ZXY.jpg?auth=7b4403f78a40e98fc85d329e0b826dcae8c78dcb3941551abceaf69acaa6bfa6&width=760&smart=true
vogue runway emerald dress,data/latest/images/vogue_runway_emerald_dress_5d1cd01c970a6250.jpg,https://i.pinimg.com/474x/38/34/fd/3834fd93b88b209f5a99119c6341215d.jpg
vogue runway emerald dress,data/latest/images/vogue_runway_emerald_dress_ed138aede393ea1a.jpg,https://i.pinimg.com/736x/10/93/f3/1093f38ad7a6b7af965f490cf5489c13.jpg
vogue runway emerald dress,data/latest/images/vogue_runway_emerald_dress_0941542a0f475960.jpg,https://media.vogue.co.uk/photos/68ff4bae1b552df464ae4208/2:3/w_2560%2Cc_limit/EC-271025-P3RR5D-(1).jpg
vogue runway emerald dress,data/latest/images/vogue_runway_emerald_dress_74f33e0d0a69054b.jpg,https://media.gettyimages.com/id/1653326224/photo/venice-italy-rose-bertram-is-seen-wearing-roberto-bravo-jewelry-and-gianvito-rossi-shoes.jpg?s=612x612&w=gi&k=20&c=xaTMzwkslZeZH2vODz1aBl5WbtxScAe9a6EHoP4G8Jo=
vogue runway emerald dress,data/latest/images/vogue_runway_emerald_dress_b5b2858f504d3cd8.jpg,https://lookaside.instagram.com/seo/google_widget/crawler/?media_id=2529825125889729717
vogue runway emerald dress,data/latest/images/vogue_runway_emerald_dress_9e64499563d8b43a.jpg,https://lookaside.instagram.com/seo/google_widget/crawler/?media_id=3392758329879744744
vogue runway emerald dress,data/latest/images/vogue_runway_emerald_dress_5789bb87a388275c.jpg,"https://res.cloudinary.com/wolfandbadger/image/upload/f_auto,q_auto:best,c_pad,b_white,h_800,w_800/products/emerald-corset-high-slit-gown-napoli__e4209b00bf604522e38a87ff44feff76"
leopard print runway 1990s,data/latest/images/leopard_print_runway_1990s_3bff482aeb57ac85.jpg,https://image-cdn.hypb.st/https%3A%2F%2Fhypebeast.com%2Fwp-content%2Fblogs.dir%2F6%2Ffiles%2F2020%2F08%2F90s-fashion-trend-animal-print-plaid-skirts-00.jpg?w=960&cbr=1&q=90&fit=max
leopard print runway 1990s,data/latest/images/leopard_print_runway_1990s_756cf2daa7245caf.jpg,https://media.vogue.co.uk/photos/65b0fe1c84677c159d198ee6/master/w_1600%2Cc_limit/AZZEDINE-ALAIA-FALL-1991-RTW-80-NAOMI-CAMPBELL.jpg
leopard print runway 1990s,data/latest/images/leopard_print_runway_1990s_03f5362136127ae9.jpg,https://img.buzzfeed.com/buzzfeed-static/static/2024-10/30/2/asset/1d0eacaf294f/sub-buzz-3048-1730256785-1.jpg?downsize=700%3A%2A&output-quality=auto&output-format=auto
leopard print runway 1990s,data/latest/images/leopard_print_runway_1990s_bb2b9deb7fd26247.jpg,https://i.pinimg.com/736x/50/c6/2c/50c62cc2d1414841a09014c34c93c204.jpg
leopard print runway 1990s,data/latest/images/leopard_print_runway_1990s_dbf2ecb21522d3ad.jpg,https://data2.nssmag.com/images/galleries/35647/Animalier_NSS_GClub_3.jpg
leopard print runway 1990s,data/latest/images/leopard_print_runway_1990s_09b4c9b4cc45e3ca.jpg,https://lapoloin.s3.ap-south-1.amazonaws.com/wp-content/uploads/2024/06/Leopard-Print-header-Lapolo.jpg
leopard print runway 1990s,data/latest/images/leopard_print_runway_1990s_55fc8063f6b13b61.jpg,https://lookaside.instagram.com/seo/google_widget/crawler/?media_id=3352148522596507873
leopard print runway 1990s,data/latest/images/leopard_print_runway_1990s_40927e2c67b0cc89.jpg,https://wwd.com/wp-content/uploads/2018/01/versace-couture-1997-naomi-campbell.jpg?w=672
leopard print runway 1990s,data/latest/images/leopard_print_runway_1990s_0f1772fd3febe848.jpg,https://www.featherstonevintage.com/cdn/shop/files/tumblr_c4dff58bb5f873fa235976f527121130_f7e0edb9_1280.jpg?v=1758807094
leopard print runway 1990s,data/latest/images/leopard_print_runway_1990s_936237ea7e464d4d.jpg,https://media.vogue.co.uk/photos/65afe1e4bdd0f6878975ce21/2:3/w_2560%2Cc_limit/LAYOUT.jpg
leopard print runway 1990s,data/latest/images/leopard_print_runway_1990s_408de60e65fe15f7.jpg,https://cdn.mos.cms.futurecdn.net/x496bhbf2vZL9quxn6Dx3L.jpg
leopard print runway 1990s,data/latest/images/leopard_print_runway_1990s_42e32558b21058f0.webp,https://images.squarespace-cdn.com/content/v1/61cccdf24b15db3d8a4a4d3c/eda3bf2a-e64c-42e4-b768-5c82355e406d/IsabelMarant1-ezgif.com-webp-to-jpg-converter.jpg
leopard print runway 1990s,data/latest/images/leopard_print_runway_1990s_fd6699a5b8b93f2d.jpg,https://i.pinimg.com/736x/1d/96/a6/1d96a6d009e2893d8815520372a84bb0.jpg
leopard print runway 1990s,data/latest/images/leopard_print_runway_1990s_678d24bf4be77a1c.jpg,https://i.pinimg.com/474x/77/1e/6d/771e6df5f0b0e7fd1df055130042d535.jpg
leopard print runway 1990s,data/latest/images/leopard_print_runway_1990s_2a577bc2c8574b06.jpg,https://www.essence.com/wp-content/uploads/2019/06/GettyImages-592337843.jpg
leopard print runway 1990s,data/latest/images/leopard_print_runway_1990s_de43080fa21f45b9.jpg,https://timelessvixen.com/cdn/shop/products/16782383706407e2a2108ae0.03715416_600x.jpg?v=1690922031
leopard print runway 1990s,data/latest/images/leopard_print_runway_1990s_88d8042c3825a0d9.jpg,https://i.pinimg.com/564x/b3/6c/3b/b36c3bc0c8848d453d262a6da38888f4.jpg
leopard print runway 1990s,data/latest/images/leopard_print_runway_1990s_df925eee247dc68c.jpg,https://i.pinimg.com/736x/03/06/21/03062165898370a7623611b80444658e.jpg
leopard print runway 1990s,data/latest/images/leopard_print_runway_1990s_ceb93fc912ebe2f8.jpg,https://images.vs-static.com/jN4u40FoUFq0ABk10l13JMwzxHI=/1900x0/2_6deb1a0025/2_6deb1a0025.jpg
leopard print runway 1990s,data/latest/images/leopard_print_runway_1990s_707441eed3ef1ce0.jpg,https://data2.nssmag.com/images/galleries/37918/dolce.jpeg
leopard print runway 1990s,data/latest/images/leopard_print_runway_1990s_efde8a96b3c27456.jpg,https://a.1stdibscdn.com/f-w-1992-yves-saint-laurent-runway-gold-metallic-leopard-print-asymmetric-gown-for-sale-picture-3/v_23882/v_172209821666798568853/IMG_6772_master.jpeg?width=768
leopard print runway 1990s,data/latest/images/leopard_print_runway_1990s_59cb72dfde047bce.jpg,https://www.shutterstock.com/shutterstock/photos/1245650716/display_1500/stock-photo-milan-italy-september-felice-noordhoff-walks-the-runway-at-the-versace-show-during-milan-1245650716.jpg
leopard print runway 1990s,data/latest/images/leopard_print_runway_1990s_24bf0a2acc90c2aa.webp,https://cdn.fashionbeautyrunway.ca/wp-content/uploads/2025/03/fashion-beauty-runway-Leopard-Print-The-Timeless-Trend-That-Never-Goes-Out-of-Style.webp
leopard print runway 1990s,data/latest/images/leopard_print_runway_1990s_abd567652c98c5db.jpg,https://www.shrimptoncouture.com/cdn/shop/products/13-PatrickKellyFW19892_800x.jpg?v=1630277451
leopard print runway 1990s,data/latest/images/leopard_print_runway_1990s_3190d4de36c3a1e3.jpg,https://timelessvixen.com/cdn/shop/products/150680805559d010f7928880.15111694_600x.jpg?v=1690070450
leopard print runway 1990s,data/latest/images/leopard_print_runway_1990s_0d11c3923356a5d9.jpg,https://www.bashagold.com/cdn/shop/products/Basha_9_11_2019_152_master_800x.jpg?v=1615138583
leopard print runway 1990s,data/latest/images/leopard_print_runway_1990s_8cf05321bda39ee2.jpg,https://assets.vogue.com/photos/589180c57edfa70512d64dc5/master/pass/14-best-leopard-looks.jpg
leopard print runway 1990s,data/latest/images/leopard_print_runway_1990s_72430bd1830bbc48.jpg,https://www.telegraph.co.uk/content/dam/fashion/2018/09/13/VB-GettyImages-916968528_trans_NvBQzQNjv4Bq1N-0BbrGahnullJmqzE3f-PHi_e1tpOIk75CAYQiDp0.jpg?imwidth=640
leopard print runway 1990s,data/latest/images/leopard_print_runway_1990s_9ad2ecb8b1974986.jpg,https://cdn.shopify.com/s/files/1/0522/1610/3083/files/2011-fashion-trends-dolce-gabbana-animal-print-wedding-style-inspiration.full_480x480.jpg?v=1726068411
leopard print runway 1990s,data/latest/images/leopard_print_runway_1990s_97658a2e51f24224.jpg,https://cdn.mos.cms.futurecdn.net/Xbhza4ZAfBUQAjw5UUAaeA.jpg
leopard print runway 1990s,data/latest/images/leopard_print_runway_1990s_94bd0e1be96d7140.jpg,https://images.bauerhosting.com/legacy/media/5f58/fee7/e282/dd3d/0083/117d/iman.jpg?ar=16%3A9&fit=crop&crop=top&auto=format&w=1440&q=80
leopard print runway 1990s,data/latest/images/leopard_print_runway_1990s_bcc93e40f2ea06bf.jpg,https://fq.co.nz/wp-content/uploads/2019/03/leopard-print.jpg
leopard print runway 1990s,data/latest/images/leopard_print_runway_1990s_fa2193da2b956524.jpg,https://museumofyouthculture.com/wp-content/uploads/2020/12/Adam-Friedman-AF0067-scaled.jpg
leopard print runway 1990s,data/latest/images/leopard_print_runway_1990s_0d1c7a894c03ec5e.webp,https://images.squarespace-cdn.com/content/v1/61cccdf24b15db3d8a4a4d3c/aae4ae60-ad17-4a65-97eb-0896123cd266/Balenciaga+2024+%281%29.jpg
leopard print runway 1990s,data/latest/images/leopard_print_runway_1990s_4c33a16d2be523c9.jpg,https://preview.redd.it/what-are-your-thoughts-on-bold-animal-print-outfits-v0-0s4rrf0pnsye1.jpg?width=1080&crop=smart&auto=webp&s=65f16de2b6de62e454820b3c5d7c2cc1ff950ba9
leopard print runway 1990s,data/latest/images/leopard_print_runway_1990s_4111f824bc1f367a.webp,https://images.squarespace-cdn.com/content/v1/52a24deee4b0942951936318/1608651437756-0MNV7U43ZE5NUNZCSVBT/IMG_0799.JPG?format=2500w
leopard print runway 1990s,data/latest/images/leopard_print_runway_1990s_ed2a0092398c36c0.jpg,https://i0.wp.com/www.theladylikeleopard.com/wp-content/uploads/2018/05/90s-Leopard-Print-Naomi-Campbell.jpg?fit=1270%2C846&ssl=1
leopard print runway 1990s,data/latest/images/leopard_print_runway_1990s_aa1431bb78dddf7f.jpg,https://www.featherstonevintage.com/cdn/shop/files/47bcde4bd8b119779c7c802893f99a6db026b1a7_jpg.jpg?v=1758807094
leopard print runway 1990s,data/latest/images/leopard_print_runway_1990s_f3313c3f3d54db12.webp,https://cdn.fashionbeautyrunway.ca/wp-content/uploads/2025/03/fashion-beauty-runway-Leopard-Print-The-Timeless-Trend-That-Never-Goes-Out-of-Style-3.webp
leopard print runway 1990s,data/latest/images/leopard_print_runway_1990s_63efbde68d3d3b02.jpg,https://i.pinimg.com/736x/62/ed/a7/62eda722413135c138d3ef1661b76836.jpg
leopard print runway 1990s,data/latest/images/leopard_print_runway_1990s_15be23e2423d05b7.jpg,https://lookaside.instagram.com/seo/google_widget/crawler/?media_id=3352148522403384222
leopard print runway 1990s,data/latest/images/leopard_print_runway_1990s_efaed939678a9084.jpg,https://media.gettyimages.com/id/524868694/photo/supermodel-veronica-webb-wearing-yves-saint-laurent-leopard-print-dress.jpg?s=612x612&w=gi&k=20&c=v1w3_Bn-FZFNwDOq0aH0tPBbp82Vncep5koSpewvyEo=
leopard print runway 1990s,data/latest/images/leopard_print_runway_1990s_836a435f739b1f79.jpg,https://cdn.mos.cms.futurecdn.net/5cjHR8UyH4LnRbm7Mt3is3.jpg
leopard print runway 1990s,data/latest/images/leopard_print_runway_1990s_61678f957132f3fa.jpg,https://www.bashagold.com/cdn/shop/products/Basha_9_11_2019_149_master_800x.jpg?v=1615138583
leopard print runway 1990s,data/latest/images/leopard_print_runway_1990s_0a5c9d07ce7ad64a.png,https://hauteline.com/cdn/shop/files/IMG_4156.heic?v=1758509567&width=1445
leopard print runway 1990s,data/latest/images/leopard_print_runway_1990s_552aa529dfb9a258.webp,https://cdn.mos.cms.futurecdn.net/N4VecKXg83SFeybJb2FNV3.webp
leopard print runway 1990s,data/latest/images/leopard_print_runway_1990s_961377a67bc18b6e.jpg,https://wwd.com/wp-content/uploads/2018/01/versace-linda-evangelista-1992-haute-couture.jpg?w=793
leopard print runway 1990s,data/latest/images/leopard_print_runway_1990s_0c6b6d9323cba2a2.jpg,https://cdn.mos.cms.futurecdn.net/MVBjpMwk25eRAQDKEwgLhe.jpg
Gucci Fall 2013 runway,data/latest/images/Gucci_Fall_2013_runway_8775bcaa43c861c0.jpg,https://fashionmagazine.mblycdn.com/uploads/fm/2013/02/Gucci-Fall-2013-4.jpg
Gucci Fall 2013 runway,data/latest/images/Gucci_Fall_2013_runway_f4d1494a817de5c1.jpg,http://www.designscene.net/wp-content/uploads/2013/04/Gucci-Fall-Winter-2013.14-Womenswear-Collection-27a.jpg
Gucci Fall 2013 runway,data/latest/images/Gucci_Fall_2013_runway_5940c00d2816d925.jpg,https://media.gettyimages.com/id/162448496/photo/milan-italy-a-model-walks-the-runway-at-the-gucci-autumn-winter-2013-fashion-show-during-milan.jpg?s=612x612&w=gi&k=20&c=XUao8IWRXNToUzq-5vvTYh5oiaDUFkrz7CfdZdd3qnI=
Gucci Fall 2013 runway,data/latest/images/Gucci_Fall_2013_runway_f194498095d1baa2.jpg,https://wwd.com/wp-content/uploads/2013/02/gucci-005.jpg?w=683
Gucci Fall 2013 runway,data/latest/images/Gucci_Fall_2013_runway_5b4df65be75ff775.jpg,https://wwd.com/wp-content/uploads/2013/02/gucci-003.jpg?w=683
Gucci Fall 2013 runway,data/latest/images/Gucci_Fall_2013_runway_50364072a0044468.jpg,"https://media.allure.com/photos/57728e0b8d432b9e20f931af/master/w_420,h_560,c_limit/beauty-trends-runway-beauty-2013-gucci-fall-2013-01.jpg"
Gucci Fall 2013 runway,data/latest/images/Gucci_Fall_2013_runway_38c3840821e25319.jpg,https://wwd.com/wp-content/uploads/2013/02/gucci-001.jpg?w=683
Gucci Fall 2013 runway,data/latest/images/Gucci_Fall_2013_runway_7cea6f93a88a8a74.jpg,https://static01.nyt.com/images/2013/02/20/fashion/runway-womens/gucci_fall13app-slide-A6OC/gucci_fall13app-slide-A6OC-articleLarge.jpg?quality=75&auto=webp&disable=upscale
Gucci Fall 2013 runway,data/latest/images/Gucci_Fall_2013_runway_ba9fd69f5922d392.jpg,https://www.thefashionisto.com/wp-content/uploads/2013/01/gucci025.jpg
Gucci Fall 2013 runway,data/latest/images/Gucci_Fall_2013_runway_5bb9fd9960bb2c4e.jpg,https://i.ytimg.com/vi/tpl3IZ9aRGE/hq720.jpg?sqp=-oaymwE7CK4FEIIDSFryq4qpAy0IARUAAAAAGAElAADIQj0AgKJD8AEB-AH-CYAC0AWKAgwIABABGGUgVyhPMA8=&rs=AOn4CLCPPLkPglBu2XXtaYzXqGtiABXsGg
Gucci Fall 2013 runway,data/latest/images/Gucci_Fall_2013_runway_f96ef419e541d17f.jpg,https://assets.vogue.com/photos/55c6510108298d8be219d145/master/w_2560%2Cc_limit/_ARC4298.1366x2048.JPG
Gucci Fall 2013 runway,data/latest/images/Gucci_Fall_2013_runway_7d8837aed673420b.jpg,https://media.gettyimages.com/id/162448663/photo/milan-italy-a-model-walks-the-runway-at-the-gucci-autumn-winter-2013-fashion-show-during-milan.jpg?s=612x612&w=gi&k=20&c=ES34YIQiKN-ej8U4K24NWSIZ-vKXLnK_Fk8bR3b6iNo=
Gucci Fall 2013 runway,data/latest/images/Gucci_Fall_2013_runway_82ba71617893a90f.jpg,https://static01.nyt.com/images/2013/01/14/fashion/runway-mens/gucci_mens_fall2013app-slide-1S68/gucci_mens_fall2013app-slide-1S68-superJumbo.jpg
Gucci Fall 2013 runway,data/latest/images/Gucci_Fall_2013_runway_5214acea72dead7c.jpg,https://i.ytimg.com/vi/YrygCdJ2BBI/maxresdefault.jpg
Gucci Fall 2013 runway,data/latest/images/Gucci_Fall_2013_runway_de8a6920940a1faf.jpg,https://www.thefashionisto.com/wp-content/uploads/2013/01/gucci007.jpg
Gucci Fall 2013 runway,data/latest/images/Gucci_Fall_2013_runway_2e2c39689586311e.jpg,https://assets.vogue.com/photos/55c6510108298d8be219d162/master/w_2560%2Cc_limit/_ARC4808.1366x2048.JPG
Gucci Fall 2013 runway,data/latest/images/Gucci_Fall_2013_runway_9efaeb2d4b02b3ae.jpg,https://i.pinimg.com/736x/7c/03/83/7c03836d0dd69590c63374e2047b8782.jpg
Gucci Fall 2013 runway,data/latest/images/Gucci_Fall_2013_runway_97381f2ee03c17ff.jpg,https://static01.nyt.com/images/2013/02/20/fashion/runway-womens/gucci_fall13app-slide-S6GH/gucci_fall13app-slide-S6GH-articleLarge.jpg?year=2013&h=900&w=600&s=19d548f01936ccd51ec90d505c88ecfed9b20c6a50d13350c3cdfb522c76b67c&k=ZQJBKqZ0VN&tw=1
Gucci Fall 2013 runway,data/latest/images/Gucci_Fall_2013_runway_b2438536292074bf.jpg,https://i.pinimg.com/736x/a9/6d/e9/a96de9a3fdc5f287938a81cfd624e486.jpg
Gucci Fall 2013 runway,data/latest/images/Gucci_Fall_2013_runway_b8355080de0bf414.jpg,https://i.pinimg.com/736x/64/08/ee/6408ee33fd9078f99ef6a59cd5f23ccc.jpg
Gucci Fall 2013 runway,data/latest/images/Gucci_Fall_2013_runway_dcfecd0dcdf49342.jpg,http://www.designscene.net/wp-content/gallery/012013/gucci-fall-winter-2013-14-menswear-collection-09.jpg
Gucci Fall 2013 runway,data/latest/images/Gucci_Fall_2013_runway_88d9e22cf0df2347.jpg,https://wwd.com/wp-content/uploads/2013/01/gucci-005.jpg?w=683
Gucci Fall 2013 runway,data/latest/images/Gucci_Fall_2013_runway_8de7380cecbfb5b9.jpg,https://fashionmagazine.mblycdn.com/fm/resized/2013/02/1600x1200/Gucci-Fall-2013.jpg
Gucci Fall 2013 runway,data/latest/images/Gucci_Fall_2013_runway_0b91c3d356e0b167.jpg,https://media.gettyimages.com/id/162448514/photo/milan-italy-a-model-walks-the-runway-at-the-gucci-autumn-winter-2013-fashion-show-during-milan.jpg?s=612x612&w=gi&k=20&c=d5PWSgQzuiFFgooeCU5GX8k-K5FD7g3PHSkyZgcVxXo=
Gucci Fall 2013 runway,data/latest/images/Gucci_Fall_2013_runway_d16a8cf46a35c47e.jpg,https://assets.vogue.com/photos/55c650f708298d8be219270a/master/w_2560%2Cc_limit/GUC_0085.1366x2048.JPG
Gucci Fall 2013 runway,data/latest/images/Gucci_Fall_2013_runway_8812a86c297cfb58.jpg,https://blogger.googleusercontent.com/img/b/R29vZ2xl/AVvXsEi4vj-IhNPjymTHqxx_lt76-CGjnxR2LGKD1XkvKhjCQab67sR-erSEaoM2NiBcIjnygLXrYr1Hd5fQwW_a-jmz-HdvuPe5RqOfHU-_46tChzWIZRUYEl42QtYi0-ztmI8lU_mE/s1600/_GVC0465.683x1024.JPG
Gucci Fall 2013 runway,data/latest/images/Gucci_Fall_2013_runway_35b3689ef3e09deb.jpg,https://wwd.com/wp-content/uploads/2013/02/gucci-0029.jpg?w=683
Gucci Fall 2013 runway,data/latest/images/Gucci_Fall_2013_runway_a217233149ced9ae.jpg,https://static01.nyt.com/images/2013/01/14/fashion/runway-mens/gucci_mens_fall2013app-slide-G6NV/gucci_mens_fall2013app-slide-G6NV-superJumbo.jpg?quality=75&auto=webp&disable=upscale
Gucci Fall 2013 runway,data/latest/images/Gucci_Fall_2013_runway_33a4986f3bc83495.jpg,https://i.ytimg.com/vi/eDOqGvPYziE/sddefault.jpg
Gucci Fall 2013 runway,data/latest/images/Gucci_Fall_2013_runway_6c4f4963f134cbb0.jpg,https://i.ytimg.com/vi/ExNjkHYC0Hk/hq720.jpg?sqp=-oaymwEhCK4FEIIDSFryq4qpAxMIARUAAAAAGAElAADIQj0AgKJD&rs=AOn4CLAR6FnmoNNJWov4sVnR2WIzBUQ12g
Gucci Fall 2013 runway,data/latest/images/Gucci_Fall_2013_runway_138adf3a78239d1b.jpg,https://assets.vogue.com/photos/67beff4ea3115b81e731f036/master/w_1280%2Cc_limit/00001-gucci-fall-2025-ready-to-wear-credit-brand.jpg
Gucci Fall 2013 runway,data/latest/images/Gucci_Fall_2013_runway_12e1f38bf9e75855.jpg,https://media.gettyimages.com/id/162448617/photo/milan-italy-a-model-walks-the-runway-at-the-gucci-autumn-winter-2013-fashion-show-during-milan.jpg?s=612x612&w=gi&k=20&c=pfwxt04whZUIcIq7lBQc6VwpXHeZUTLfCiWjS9hM36A=
Gucci Fall 2013 runway,data/latest/images/Gucci_Fall_2013_runway_8cc6266e9447daf3.jpg,https://i.ytimg.com/vi/o1x2QxIWSgg/hq720.jpg?sqp=-oaymwEhCK4FEIIDSFryq4qpAxMIARUAAAAAGAElAADIQj0AgKJD&rs=AOn4CLCZore-vFjXUEfqRXjS6BbH7xRT9w
Gucci Fall 2013 runway,data/latest/images/Gucci_Fall_2013_runway_ef2c1dfe0ac4e0bf.jpg,https://media.gettyimages.com/id/162448635/photo/milan-italy-a-model-walks-the-runway-at-the-gucci-autumn-winter-2013-fashion-show-during-milan.jpg?s=612x612&w=gi&k=20&c=Qtf5AL95_TKhP3iKFK4Pgr-T9lFNxlBWviMus2-hghg=
Gucci Fall 2013 runway,data/latest/images/Gucci_Fall_2013_runway_06434b3585f9d887.jpg,https://thelivingfashion.wordpress.com/wp-content/uploads/2013/01/gucci-fall-2013-menswear-collection-13.jpg
Gucci Fall 2013 runway,data/latest/images/Gucci_Fall_2013_runway_bdfe20fc43377370.jpg,https://i.pinimg.com/736x/ef/77/61/ef7761043e75dbf089f0b3228253bef0.jpg
Gucci Fall 2013 runway,data/latest/images/Gucci_Fall_2013_runway_1e354601ea189b42.jpg,https://media.glamour.com/photos/56958fff16d0dc3747ec3505/master/w_1600%2Cc_limit/fashion-2013-02-mfw-gucci-fall-2013-50-main.jpg
Gucci Fall 2013 runway,data/latest/images/Gucci_Fall_2013_runway_d8855ac8bcebafb7.jpg,https://media.glamour.com/photos/56958fff085ae0a850377da7/master/w_1600%2Cc_limit/fashion-2013-02-mfw-gucci-fall-2013-42-main.jpg
Gucci Fall 2013 runway,data/latest/images/Gucci_Fall_2013_runway_11f39318b8df37ae.jpg,https://i.pinimg.com/736x/a0/73/64/a073647dccb115d788526e42e24ea7f4.jpg
Gucci Fall 2013 runway,data/latest/images/Gucci_Fall_2013_runway_991d81eb16a9fff1.jpg,https://assets.vogue.com/photos/55c6510f08298d8be21ac753/master/w_2560%2Cc_limit/_D7Q0977.1366x2048.JPG
Gucci Fall 2013 runway,data/latest/images/Gucci_Fall_2013_runway_546df877241bfb98.jpg,https://assets.vogue.com/photos/55c6510f08298d8be21ac54d/master/w_2560%2Cc_limit/_GVC0057.1366x2048.JPG
Gucci Fall 2013 runway,data/latest/images/Gucci_Fall_2013_runway_b687aa0cffc8810b.jpg,https://media.gettyimages.com/id/162448662/photo/milan-italy-a-model-walks-the-runway-at-the-gucci-autumn-winter-2013-fashion-show-during-milan.jpg?s=612x612&w=gi&k=20&c=nE47dRb3jvhRTOCkDC7kxosrA1WsMgqaP58QPDGdKVw=
Gucci Fall 2013 runway,data/latest/images/Gucci_Fall_2013_runway_babf430186b1c23f.jpg,http://www.designscene.net/wp-content/gallery/012013/gucci-fall-winter-2013-14-menswear-collection-04.jpg
Gucci Fall 2013 runway,data/latest/images/Gucci_Fall_2013_runway_4cc8af6c215ccc45.jpg,https://media.glamour.com/photos/56958fff085ae0a850377dab/master/w_1600%2Cc_limit/fashion-2013-02-mfw-gucci-fall-2013-7-main.jpg
Gucci Fall 2013 runway,data/latest/images/Gucci_Fall_2013_runway_f4d82b6ea34d687a.jpg,https://media.glamour.com/photos/56958fffd9dab9ff41b285ca/master/w_1600%2Cc_limit/fashion-2013-02-mfw-gucci-fall-2013-9-main.jpg
Gucci Fall 2013 runway,data/latest/images/Gucci_Fall_2013_runway_59c0cac10d0a28b8.jpg,https://i.ytimg.com/vi/CUCQdm4Ycgw/maxresdefault.jpg
Gucci Fall 2013 runway,data/latest/images/Gucci_Fall_2013_runway_6d963b884b50904e.jpg,https://assets.vogue.com/photos/55c6510f08298d8be21ac577/master/w_2560%2Cc_limit/_GVC0509.1366x2048.JPG
Gucci Fall 2013 runway,data/latest/images/Gucci_Fall_2013_runway_5297387c5d0bf8dc.jpg,https://assets.vogue.com/photos/55c6510f08298d8be21ac746/master/w_2560%2Cc_limit/_D7Q0651.1366x2048.JPG
Gucci Fall 2013 runway,data/latest/images/Gucci_Fall_2013_runway_fc7268d06a37689d.jpg,"https://dwgyu36up6iuz.cloudfront.net/heru80fdn/image/upload/c_fill,d_placeholder_vogue.png,fl_progressive,g_face,h_1080,q_80,w_1920/v1439911777/vogue_fall-2013-ready-to-wear-gucci.jpg"
Gucci Fall 2013 runway,data/latest/images/Gucci_Fall_2013_runway_79f9bcad79a47267.jpg,https://media.nowfashion.com/wp-content/uploads/2022/07/Gucci-Ready-To-Wear-Fall-Winter-2013-Milan-Fashion-Week-Runway-018.jpg
Gucci Fall 2013 runway,data/latest/images/Gucci_Fall_2013_runway_37e3e4e30f54f852.jpg,https://assets.vogue.com/photos/55c6510108298d8be219d167/master/w_2560%2Cc_limit/_ARC4898.1366x2048.JPG
Gucci Fall 2013 runway,data/latest/images/Gucci_Fall_2013_runway_bed89d078ec4eeb2.jpg,https://wwd.com/wp-content/uploads/2013/02/gucci-0043.jpg?w=683
Gucci Fall 2013 runway,data/latest/images/Gucci_Fall_2013_runway_8c7221ea67ea6f01.jpg,https://assets.vogue.com/photos/67bf053a7cf01ffeb8149d2a/master/w_1280%2Cc_limit/00001-gucci-fall-2025-menswear-credit-brand.jpg
Gucci Fall 2013 runway,data/latest/images/Gucci_Fall_2013_runway_08c614baf8c4a2b2.jpg,https://assets.vogue.com/photos/55c6510108298d8be219d152/master/w_2560%2Cc_limit/_ARC4508.1366x2048.JPG
Gucci Fall 2013 runway,data/latest/images/Gucci_Fall_2013_runway_83bcf87cc878e463.jpg,https://assets.vogue.com/photos/55c6510f08298d8be21ac54e/master/w_2560%2Cc_limit/_GVC0069.1366x2048.JPG
Gucci Fall 2013 runway,data/latest/images/Gucci_Fall_2013_runway_7ec950734acaf77b.jpg,https://styledarlingdaily.com/wp-content/uploads/2013/01/gucci-pre-fall-2013-collection-24.jpg
Gucci Fall 2013 runway,data/latest/images/Gucci_Fall_2013_runway_48e8997c669bc4e7.jpg,"https://dwgyu36up6iuz.cloudfront.net/heru80fdn/image/upload/c_fill,d_placeholder_vogue.png,fl_progressive,g_face,h_1080,q_80,w_1920/v1439910519/vogue_gucci-fall-2013-menswear.jpg"
Gucci Fall 2013 runway,data/latest/images/Gucci_Fall_2013_runway_79bd942012ef9e43.jpg,https://fashionmagazine.mblycdn.com/fm/resized/2013/02/w1200/Gucci-Fall-2013.jpg
Chanel haute couture 2020,data/latest/images/Chanel_haute_couture_2020_bd5c35608634241b.jpg,https://www.icon-icon.com/wp-content/uploads/2020/01/ALE0676-2-scaled.jpg
Chanel haute couture 2020,data/latest/images/Chanel_haute_couture_2020_57501ddc7b0f0464.jpg,http://www.fashionela.net/wp-content/uploads/2020/07/Chanel_Haute_Couture_FW20_Fashionela-17.jpg
Chanel haute couture 2020,data/latest/images/Chanel_haute_couture_2020_535ef15964d5b55f.jpg,https://blogger.googleusercontent.com/img/b/R29vZ2xl/AVvXsEg2urx44ul-CA8v5NFnAPG5ocJpn0bGGDAMTuvHiSajGvtpX4vtWNExVd9MNVGmktSezVoNGinXjdlLSPps7Kxh7eNceq0JJrcKrU3BdNf6vHB6va4Q0nJjn7IpDEXSTy2jBeQ8Ln3Js1A/s1600/corey-tenold-photography-1443.webp
Chanel haute couture 2020,data/latest/images/Chanel_haute_couture_2020_6ef5c1b99ed068f1.webp,https://images.squarespace-cdn.com/content/v1/58ca05eabf629a24b325fdea/1595769613337-QPLTCGY35Y5K3WQUYAWC/Chanel_13_chanel_20hc_20fp_20rf20_200014.jpg
Chanel haute couture 2020,data/latest/images/Chanel_haute_couture_2020_21410c70fd8aab83.jpg,https://images.prestigeonline.com/wp-content/uploads/sites/5/2020/07/12144807/Untitled-design-46.png
Chanel haute couture 2020,data/latest/images/Chanel_haute_couture_2020_443b722c6b0af5d0.jpg,https://assets.vogue.com/photos/5f043eb9e9033a4e3ebd603f/master/w_2560%2Cc_limit/00001-CHANEL-COUTURE-FALL-20-Credit-Mikael-Jansson.jpg
Chanel haute couture 2020,data/latest/images/Chanel_haute_couture_2020_97ff8634d7642d2f.jpg,https://wwd.com/wp-content/uploads/2020/01/shutterstock_editorial_10531656j.jpg?w=555&h=740&crop=1
Chanel haute couture 2020,data/latest/images/Chanel_haute_couture_2020_112d4bbd92b6f21e.jpg,https://luxferity.com/up/blog/content/2-1200x1583.jpg
Chanel haute couture 2020,data/latest/images/Chanel_haute_couture_2020_b2271c8f2ad1e1cc.jpg,https://fashionista.com/.image/t_share/MTY5OTAwNzY2NzMwMzMxOTYz/chanel-hc-atm-rs20-02482.jpg
Chanel haute couture 2020,data/latest/images/Chanel_haute_couture_2020_87e110705d6580a6.jpg,https://imgix.bustle.com/uploads/image/2020/7/7/7f022ab5-01d7-4af5-988e-a774bb570db2-26_look_26_photo_by_mikael_jansson.jpg?w=653&h=816&fit=crop&crop=faces&dpr=2
Chanel haute couture 2020,data/latest/images/Chanel_haute_couture_2020_db6a6e85fc66db2d.jpg,https://image-cdn.hypb.st/https%3A%2F%2Fhypebeast.com%2Fwp-content%2Fblogs.dir%2F6%2Ffiles%2F2020%2F07%2Fchanel-fall-2020-couture-virtual-collection-virginie-viard-2.jpg?q=75&w=800&cbr=1&fit=max
Chanel haute couture 2020,data/latest/images/Chanel_haute_couture_2020_141407e65b5d60c1.jpg,https://l450v.alamy.com/450v/2ap7ak9/paris-france-21st-jan-2020-chanel-haute-couture-ss20-runway-during-haute-couture-january-2020-paris-france-21012020-usage-worldwide-credit-dpaalamy-live-news-2ap7ak9.jpg
Chanel haute couture 2020,data/latest/images/Chanel_haute_couture_2020_db2356b4d07146c4.jpg,https://media1.popsugar-assets.com/files/thumbor/LgHZVCUvCqP3-LYvshZvp1yM6xw=/fit-in/3379x5073/filters:format_auto():extract_cover():upscale()/2020/01/21/671/n/1922564/58027a1edb222e76_GettyImages-1200944379.jpg
Chanel haute couture 2020,data/latest/images/Chanel_haute_couture_2020_d7fdbdac0c08a099.jpg,https://media.gettyimages.com/id/1159593674/photo/paris-france-alexandra-micu-walks-the-runway-during-the-chanel-haute-couture-fall-winter-2019.jpg?s=612x612&w=gi&k=20&c=F3LrMhZUp6BFUhmYuz7htV9kNaAnOBeXwoh45ayrU7E=
Chanel haute couture 2020,data/latest/images/Chanel_haute_couture_2020_efdc9b291dd59c4f.jpg,https://imgix.bustle.com/wmag/2020/01/11_EDITS_CHANEL_-37.jpg.jpg?w=390&h=546&fit=crop&crop=faces&dpr=2
Chanel haute couture 2020,data/latest/images/Chanel_haute_couture_2020_6df5a8c01c03d452.jpg,https://cdn.tag-walk.com/view_nw/chanel-css20-0054-7757c3.jpg
Chanel haute couture 2020,data/latest/images/Chanel_haute_couture_2020_758fb20802e597b1.jpg,https://fashionista.com/.image/t_share/MTczNzk1NTc0MDcwNTg0OTcx/chanel-haute-couture-fall-2020-05_look_5_photo_by_mikael_jansson.jpg
Chanel haute couture 2020,data/latest/images/Chanel_haute_couture_2020_eb1bfd2be5f04b2d.jpg,https://aeworld.com/wp-content/uploads/2020/01/19_SS_2020_HC_finale_pictures_by_Olivier_Saillant_3.jpg
Chanel haute couture 2020,data/latest/images/Chanel_haute_couture_2020_5c4d8e67a7b08252.jpg,https://assets.vogue.com/photos/680b74ec2c2f2c50051159a1/master/w_2560%2Cc_limit/00001-chanel-spring-2020-couture-credit-gorunway-model-vittoria-ceretti.jpg
Chanel haute couture 2020,data/latest/images/Chanel_haute_couture_2020_00a997a74ba9f841.jpg,https://blogger.googleusercontent.com/img/b/R29vZ2xl/AVvXsEgsQV4GlobpTkgk8SBE7kimJAoEpTp509VpALBzstOr4rHPNzHqBbqFZGMSI1DRpDiJomexjG-DV7whWBC8kX14cDzVXYMr8Puc7GKzN3AqhuzWbp2DGFq5rvRSwU1mH-ARcxCD4-qxjn8/s1600/corey-tenold-photography-1375.webp
Chanel haute couture 2020,data/latest/images/Chanel_haute_couture_2020_16f298722c583277.jpg,https://luxferity.com/up/blog/content/fsh-1579630151774-spring-summer-2020-haute-couture-014-1200x1770.jpg
Chanel haute couture 2020,data/latest/images/Chanel_haute_couture_2020_765b50fa0492c7a3.jpg,https://wwd.com/wp-content/uploads/2020/01/chanel-couture-spring-2020-paris-fashion-week-pfw001005.jpg?w=800
Chanel haute couture 2020,data/latest/images/Chanel_haute_couture_2020_45123eaa80c19242.jpg,https://hauteliving.com/wp-content/uploads/2020/07/5.jpg
Chanel haute couture 2020,data/latest/images/Chanel_haute_couture_2020_400d1b9fc0c46ac0.jpg,"https://hips.hearstapps.com/hmg-prod/images/chanel-couture-aw202-1594120276.jpg?crop=0.6666666666666666xw:1xh;center,top&resize=1200:*"
Chanel haute couture 2020,data/latest/images/Chanel_haute_couture_2020_cb4b2b4c16da25f8.jpg,http://www.xinhuanet.com/english/2020-01/22/138725163_15796501765351n.jpg
Chanel haute couture 2020,data/latest/images/Chanel_haute_couture_2020_c561ff4c26c52ced.jpg,https://static01.nyt.com/images/2020/07/12/fashion/09COUTURE-chanel-SUB/09COUTURE-chanel-SUB-square640.jpg?auto=webp
Chanel haute couture 2020,data/latest/images/Chanel_haute_couture_2020_573634350252936a.jpg,https://fashionweekdaily.com/wp-content/uploads/2019/07/cha_hc_fw19_152.jpg
Chanel haute couture 2020,data/latest/images/Chanel_haute_couture_2020_ef96f2243aad94a6.jpg,https://www.fashionela.net/wp-content/uploads/2020/07/Chanel_Haute_Couture_FW2020_Fashionela.jpg
Chanel haute couture 2020,data/latest/images/Chanel_haute_couture_2020_21361c5a33592a14.jpg,https://vmagazine.com/wp-content/uploads/2020/07/18_LOOK_18_photo_by_Mikael_Jansson.jpg
Chanel haute couture 2020,data/latest/images/Chanel_haute_couture_2020_215a0f61b7a446e4.jpg,"https://media.fashionnetwork.com/cdn-cgi/image/fit=cover,width=320,height=480,format=auto/m/27cb/0f12/a90d/c07f/0e85/1dc5/a337/6785/880f/bfb5/bfb5.jpg"
Chanel haute couture 2020,data/latest/images/Chanel_haute_couture_2020_449917d0bf148f29.jpg,https://wwd.com/wp-content/uploads/2020/07/look-7-photo-by-mikael-jansson-1.jpg?w=555&h=740&crop=1
Chanel haute couture 2020,data/latest/images/Chanel_haute_couture_2020_9dc0f2413f308c52.jpg,https://www.timeinternational.co.id/wp-content/uploads/FW-2019-20-HC-finale-picture-by-Olivier-Saillant.jpg
Chanel haute couture 2020,data/latest/images/Chanel_haute_couture_2020_ef9a8511e49dccb1.jpg,http://vmagazine.com/wp-content/uploads/2020/01/31_CHA_HC_SS20_640A6777a-scaled.jpg
Chanel haute couture 2020,data/latest/images/Chanel_haute_couture_2020_d1807dbb3c2072b4.jpg,https://imageio.forbes.com/specials-images/imageserve/1201148328/Chanel---Runway---Paris-Fashion-Week---Haute-Couture-Spring-Summer-2020/960x0.jpg?format=jpg&width=960
Chanel haute couture 2020,data/latest/images/Chanel_haute_couture_2020_4e1a4b7e7e8e998d.jpg,https://c8.alamy.com/comp/2MJKJFF/a-model-wears-a-creation-for-the-chanel-haute-couture-fall-winter-2020-fashion-collection-presented-in-paris-tuesday-july-2-2019-ap-photomichel-euler-2MJKJFF.jpg
Chanel haute couture 2020,data/latest/images/Chanel_haute_couture_2020_7d3d192d406ce1c3.jpg,https://i.ytimg.com/vi/ZGaqUs-ckqI/maxresdefault.jpg
Chanel haute couture 2020,data/latest/images/Chanel_haute_couture_2020_2fa197f5711c4b3f.jpg,https://imgix.bustle.com/wmag/2020/01/13_EDITS_CHANEL_-20.jpg.jpg?w=390&h=546&fit=crop&crop=faces&dpr=2
Chanel haute couture 2020,data/latest/images/Chanel_haute_couture_2020_c789ebf4fd412dc6.jpg,https://hips.hearstapps.com/hmg-prod/images/gettyimages-1200917876.jpg?resize=640:*
Chanel haute couture 2020,data/latest/images/Chanel_haute_couture_2020_bc4cc0776321f478.jpg,https://media.gettyimages.com/id/1146717642/photo/paris-france-a-model-walks-the-runway-during-the-chanel-cruise-collection-2020-at-grand.jpg?s=612x612&w=gi&k=20&c=7rpM5ug-7NxRzjjv7hx6iye5c5rX6i2F4kcjeeOdv3A=
Chanel haute couture 2020,data/latest/images/Chanel_haute_couture_2020_e40cd89f511a66d3.jpg,https://milnyparlon.com/wp-content/uploads/2020/11/LOOK-21-2-785x1024.jpeg
Chanel haute couture 2020,data/latest/images/Chanel_haute_couture_2020_2bd152aad9e67d01.jpg,https://milnyparlon.com/wp-content/uploads/2020/11/LOOK-47-1-620x1024.jpeg
Chanel haute couture 2020,data/latest/images/Chanel_haute_couture_2020_2e3be62eca05ffd1.jpg,https://wwd.com/wp-content/uploads/2020/01/chanel-couture-spring-2020-paris-fashion-week-pfw001032.jpg
Chanel haute couture 2020,data/latest/images/Chanel_haute_couture_2020_3b2012db2fbf61ba.jpg,https://imgix.bustle.com/wmag/2020/01/07_EDITS_CHANEL_-28.jpg.jpg?w=390&h=546&fit=crop&crop=faces&dpr=2
Chanel haute couture 2020,data/latest/images/Chanel_haute_couture_2020_a3d6794e39191cc2.jpg,https://vmagazine.com/wp-content/uploads/2020/01/28_CHA_HC_SS20_640A6816a-scaled.jpg
Chanel haute couture 2020,data/latest/images/Chanel_haute_couture_2020_3f9f440333e8ea4c.jpg,https://fashionweekonline.com/wp-content/uploads/2020/01/chanel-ss-2020-1000x580.jpg
Chanel haute couture 2020,data/latest/images/Chanel_haute_couture_2020_c7ef51865f34adfb.jpg,https://numero.com/wp-content/uploads/2024/06/thumb-cover-chanel-haute-couture-printemps-ete-2020-numero-magazine-1.jpg
Chanel haute couture 2020,data/latest/images/Chanel_haute_couture_2020_d5e22136fa7dc907.jpg,https://dims.apnews.com/dims4/default/4460a02/2147483647/strip/true/crop/3000x4500+0+0/resize/399x599!/quality/90/?url=https%3A%2F%2Fstorage.googleapis.com%2Fafs-prod%2Fmedia%2F6c16e36ea48942818107f6bea5847164%2F3000.jpeg
Chanel haute couture 2020,data/latest/images/Chanel_haute_couture_2020_1cc36077844b38d6.webp,https://images.squarespace-cdn.com/content/v1/58ca05eabf629a24b325fdea/1595769529332-QYPK16D2L4R32ZKQMH91/Chanel_8_chanel_20hc_20fp_20rf20_200009.jpg
Chanel haute couture 2020,data/latest/images/Chanel_haute_couture_2020_2aee9fc6739d39da.jpg,https://i.ytimg.com/vi/pm-jmDdTRyQ/maxresdefault.jpg
Chanel haute couture 2020,data/latest/images/Chanel_haute_couture_2020_83c99315545cd393.jpg,https://assets.vogue.com/photos/680b86b9db861e97bdea412c/16:9/pass/00001-chanel-spring-2020-couture-credit-gorunway-model-vittoria-ceretti.jpg
Chanel haute couture 2020,data/latest/images/Chanel_haute_couture_2020_1103fdff313ff2fe.jpg,https://media.nowfashion.com/wp-content/uploads/2021/12/Chanel-Couture-Spring-Summer-2020-Fashion-Show-Runway-0050.jpg
Chanel haute couture 2020,data/latest/images/Chanel_haute_couture_2020_5109a97d81798666.jpg,https://i.pinimg.com/736x/40/ec/a9/40eca922970515025c96331b0301f93a.jpg
Chanel haute couture 2020,data/latest/images/Chanel_haute_couture_2020_163ffd2ba588c3a6.jpg,"https://www.chanel.com/images/q_auto:good,f_auto,fl_lossy,dpr_1.1/w_428/FSH-1594043583772-look25.jpg"
Chanel haute couture 2020,data/latest/images/Chanel_haute_couture_2020_c46c159def532563.jpg,https://thelastfashionbible.com/wp-content/uploads/2020/01/kyra-chanel.jpg
Chanel haute couture 2020,data/latest/images/Chanel_haute_couture_2020_9b4ba97172e5bbda.jpg,https://media.nowfashion.com/wp-content/uploads/2021/12/Chanel-Couture-Spring-Summer-2020-Fashion-Show-Runway-0058.jpg
Chanel haute couture 2020,data/latest/images/Chanel_haute_couture_2020_22c92db489380601.jpg,https://www.datocms-assets.com/39109/1610978619-1579631757541410-chanel-couture-2020.jpg?auto=format&fit=max&w=1200
Balmain burgundy runway 2025,data/latest/images/Balmain_burgundy_runway_2025_fa292a5a0ccbbeaf.jpg,https://wwd.com/wp-content/uploads/2024/09/balmain-spring-2025-gg-001.jpeg?crop=106px%2C30px%2C1166px%2C1556px&resize=555%2C740
Balmain burgundy runway 2025,data/latest/images/Balmain_burgundy_runway_2025_a9b3f60e74c63331.webp,https://www.refinery29.com/images/11775001.jpg?format=webp&width=720&height=1080&quality=85
Balmain burgundy runway 2025,data/latest/images/Balmain_burgundy_runway_2025_8ae5d2ed97edc6b4.jpg,https://lookaside.instagram.com/seo/google_widget/crawler/?media_id=3713583310581983039
Balmain burgundy runway 2025,data/latest/images/Balmain_burgundy_runway_2025_e6f04dc65eac63e9.jpg,https://prod-back.balmain.com/sites/default/files/2025-03/balmain_f25_2x3_look_046.jpg
Balmain burgundy runway 2025,data/latest/images/Balmain_burgundy_runway_2025_920cc73decbd9177.webp,https://www.refinery29.com/images/11792080.jpg?format=webp&width=720&height=1080&quality=85
Balmain burgundy runway 2025,data/latest/images/Balmain_burgundy_runway_2025_6c0ba4a9f351fa51.jpg,https://lookaside.instagram.com/seo/google_widget/crawler/?media_id=3713583310581976994
Balmain burgundy runway 2025,data/latest/images/Balmain_burgundy_runway_2025_ed5e78a400fd40f2.jpg,https://assets.vogue.com/photos/66f48569d27c969712dbde1c/master/w_2560%2Cc_limit/00002-balmain-spring-2025-ready-to-wear-credit-gorunway.jpg
Balmain burgundy runway 2025,data/latest/images/Balmain_burgundy_runway_2025_aed7f86d2f7fe614.jpg,https://theimpression.com/wp-content/uploads/2025/03/_gc_0507-11612952.jpg
Balmain burgundy runway 2025,data/latest/images/Balmain_burgundy_runway_2025_0dae541fb8a423e2.jpg,https://image-cdn.hypb.st/https%3A%2F%2Fhypebeast.com%2Fimage%2F2024%2F09%2F26%2Fbalmain-ss25-spring-summer-2025-collection-paris-fashion-week-runway-olivier-rousteing-44.jpg?q=75&w=800&cbr=1&fit=max
Balmain burgundy runway 2025,data/latest/images/Balmain_burgundy_runway_2025_106dc673a298d74f.jpg,https://lookaside.instagram.com/seo/google_widget/crawler/?media_id=3713583310581988571
Balmain burgundy runway 2025,data/latest/images/Balmain_burgundy_runway_2025_cc24d742d5207be7.jpg,https://prod-back.balmain.com/sites/default/files/2025-03/balmain_f25_2x3_look_003.jpg
Balmain burgundy runway 2025,data/latest/images/Balmain_burgundy_runway_2025_08f70e0bec333d08.jpg,https://wwd.com/wp-content/uploads/2024/09/balmain-spring-2025-gg-005.jpeg?w=800
Balmain burgundy runway 2025,data/latest/images/Balmain_burgundy_runway_2025_9748bf16b3f19118.jpg,https://i.ytimg.com/vi/KWBeY0y1nx0/maxresdefault.jpg
Balmain burgundy runway 2025,data/latest/images/Balmain_burgundy_runway_2025_54bc7e26686d5059.jpg,https://prod-back.balmain.com/sites/default/files/2025-03/cover_fw25_collection_mobile.jpg
Balmain burgundy runway 2025,data/latest/images/Balmain_burgundy_runway_2025_849655ab588f08a8.jpg,https://assets.vogue.com/photos/66f4858a0e2351b6e14a8e82/master/w_2560%2Cc_limit/00019-balmain-spring-2025-ready-to-wear-credit-gorunway.jpg
Balmain burgundy runway 2025,data/latest/images/Balmain_burgundy_runway_2025_939e306b411abc92.jpg,https://i.ytimg.com/vi/-AGp-S7ocSE/hq720.jpg?sqp=-oaymwEhCK4FEIIDSFryq4qpAxMIARUAAAAAGAElAADIQj0AgKJD&rs=AOn4CLADKvSzM6jrSP1IkPnw5soWvJDpxg
Balmain burgundy runway 2025,data/latest/images/Balmain_burgundy_runway_2025_8709549602a9d15c.jpg,https://theimpression.com/wp-content/uploads/2024/09/_oby0998-11466580.jpg
Balmain burgundy runway 2025,data/latest/images/Balmain_burgundy_runway_2025_7b0457ad52463d23.jpg,https://lookaside.instagram.com/seo/google_widget/crawler/?media_id=3713583310581968476
Balmain burgundy runway 2025,data/latest/images/Balmain_burgundy_runway_2025_8c3557b3c16a3287.jpg,https://image-cdn.hypb.st/https%3A%2F%2Fhypebeast.com%2Fimage%2F2024%2F09%2F26%2Fbalmain-ss25-spring-summer-2025-collection-paris-fashion-week-runway-olivier-rousteing-36.jpg?q=75&w=800&cbr=1&fit=max
Balmain burgundy runway 2025,data/latest/images/Balmain_burgundy_runway_2025_47b8f1e880d5c8c3.jpg,https://jtdapperfashionweek.com/wp-content/uploads/2024/09/wp-17273607151641897864903082011427.jpg
Balmain burgundy runway 2025,data/latest/images/Balmain_burgundy_runway_2025_b128957c7d0fb4e7.jpg,https://assets.vogue.com/photos/66f485824f76fdfbb3316541/master/w_2560%2Cc_limit/00015-balmain-spring-2025-ready-to-wear-credit-gorunway.jpg
Balmain burgundy runway 2025,data/latest/images/Balmain_burgundy_runway_2025_e71bce3d8ff56892.jpg,https://assets.vogue.com/photos/67c8d788c564893612c9c15a/master/w_1280%2Cc_limit/00001-balmain-fall-2025-ready-to-wear-credit-gorunway.jpg
Balmain burgundy runway 2025,data/latest/images/Balmain_burgundy_runway_2025_c15732c396abe5a6.jpg,https://lookaside.instagram.com/seo/google_widget/crawler/?media_id=3739754923983552866
Balmain burgundy runway 2025,data/latest/images/Balmain_burgundy_runway_2025_90dea4448111a3ce.jpg,https://image-cdn.hypb.st/https%3A%2F%2Fhypebeast.com%2Fimage%2F2024%2F09%2F26%2Fbalmain-ss25-spring-summer-2025-collection-paris-fashion-week-runway-olivier-rousteing-3.jpg?q=75&w=800&cbr=1&fit=max
Balmain burgundy runway 2025,data/latest/images/Balmain_burgundy_runway_2025_fc47ebe3a812dea9.png,https://data2.nssmag.com/images/galleries/41052/jil-sander.jpg
Balmain burgundy runway 2025,data/latest/images/Balmain_burgundy_runway_2025_eaa165bbc4969e82.jpg,https://cdn.mos.cms.futurecdn.net/UmxKSMwbmCkWMstamNP7vD.jpg
Balmain burgundy runway 2025,data/latest/images/Balmain_burgundy_runway_2025_9cdabcf428dcd8b2.jpg,https://wwd.com/wp-content/uploads/2024/09/balmain-spring-2025-gg-040.jpeg?w=800
Balmain burgundy runway 2025,data/latest/images/Balmain_burgundy_runway_2025_49db09bafdb35078.jpg,https://prod-back.balmain.com/sites/default/files/2024-10/cover_ss25collection_mob.jpg
Balmain burgundy runway 2025,data/latest/images/Balmain_burgundy_runway_2025_452cff52363ef90c.jpg,https://prod-back.balmain.com/sites/default/files/2025-03/balmain_f25_2x3_look_002.jpg
Balmain burgundy runway 2025,data/latest/images/Balmain_burgundy_runway_2025_f564af090827444a.jpg,https://lookaside.instagram.com/seo/google_widget/crawler/?media_id=3713583310607101853
Balmain burgundy runway 2025,data/latest/images/Balmain_burgundy_runway_2025_98fcb70504a9dca2.jpg,https://prod-back.balmain.com/sites/default/files/2024-09/balmain_ss25_front_look_17.jpg
Balmain burgundy runway 2025,data/latest/images/Balmain_burgundy_runway_2025_17e1c1ef7bf4dc22.jpg,https://assets.vogue.com/photos/66f5131a34090216bccb0020/master/w_2560%2Cc_limit/00069-balmain-spring-2025-ready-to-wear-details-credit-gorunway.jpg
Balmain burgundy runway 2025,data/latest/images/Balmain_burgundy_runway_2025_048e2f0d499329c6.jpg,https://prod-back.balmain.com/sites/default/files/2023-03/balmain-fall-2023-pierre-balmain-legacy-runway-women-collection-2.jpg
Balmain burgundy runway 2025,data/latest/images/Balmain_burgundy_runway_2025_bc35800df9cdcf58.webp,https://www.thefashionspot.com/wp-content/uploads/sites/11/2024/09/balmain-spring25-collection-featured.png?w=1024
Balmain burgundy runway 2025,data/latest/images/Balmain_burgundy_runway_2025_3979fcfac9eeb8e4.jpg,https://lookaside.instagram.com/seo/google_widget/crawler/?media_id=3313327686842145289
Balmain burgundy runway 2025,data/latest/images/Balmain_burgundy_runway_2025_6e4831fda867c8c5.jpg,https://graziasg.s3.ap-southeast-1.amazonaws.com/wp-content/uploads/2024/03/GettyImages-2046660123-scaled-2.jpg
Balmain burgundy runway 2025,data/latest/images/Balmain_burgundy_runway_2025_8d21d4abf4aec7e2.jpg,https://i0.wp.com/jtdapperfashionweek.com/wp-content/uploads/2024/09/wp-1727360715779660074304768425174.jpg?resize=682%2C1024&ssl=1
Balmain burgundy runway 2025,data/latest/images/Balmain_burgundy_runway_2025_f060c1b1a8286a04.jpg,https://prod-back.balmain.com/sites/default/files/2025-08/balmain_fw25_4x5_150dpi_11.jpg
Balmain burgundy runway 2025,data/latest/images/Balmain_burgundy_runway_2025_c2ad17eaf661aa56.jpg,https://www.datocms-assets.com/70938/1729927111-1729801240-rosso-burgundy-colore-moda-inverno-2025-mugler-irina-shayk-ritratto.jpg?auto=format%2Ccompress&cs=srgb
Balmain burgundy runway 2025,data/latest/images/Balmain_burgundy_runway_2025_12b1ffa2482e8214.jpg,https://lookaside.instagram.com/seo/google_widget/crawler/?media_id=3713583310590330818
Balmain burgundy runway 2025,data/latest/images/Balmain_burgundy_runway_2025_feb8154b47fc6536.webp,https://www.refinery29.com/images/11774991.jpg?format=webp&width=720&height=864&quality=85
Balmain burgundy runway 2025,data/latest/images/Balmain_burgundy_runway_2025_badcbb468efe5d13.jpg,https://prod-back.balmain.com/sites/default/files/2025-03/balmain_f25_2x3_look_007.jpg
Balmain burgundy runway 2025,data/latest/images/Balmain_burgundy_runway_2025_90e47d0b4452a4fa.jpg,https://prod-back.balmain.com/sites/default/files/2025-03/balmain_f25_2x3_look_023.jpg
Balmain burgundy runway 2025,data/latest/images/Balmain_burgundy_runway_2025_37ce611271db91f6.jpg,https://prod-back.balmain.com/sites/default/files/2025-03/balmain_f25_2x3_look_040.jpg
Balmain burgundy runway 2025,data/latest/images/Balmain_burgundy_runway_2025_a30608ba40f3b7db.jpg,https://cdn.mos.cms.futurecdn.net/kNXqqZtGdh5vKWoMYWRDxi.jpg
Balmain burgundy runway 2025,data/latest/images/Balmain_burgundy_runway_2025_c322ba6371b0d947.jpg,https://i.ytimg.com/vi/jRWD1BLXfU8/maxresdefault.jpg
Balmain burgundy runway 2025,data/latest/images/Balmain_burgundy_runway_2025_325e14aa15455764.jpg,https://assets-metrostyle.abs-cbn.com/prod/metrostyle/attachments/d5f26f7e-c584-4e2b-ba53-0a17acda77c6_62987e6c-654a-4741-b2dc-83262f2964b4.jpeg
Balmain burgundy runway 2025,data/latest/images/Balmain_burgundy_runway_2025_69d8ae02e7ae9cd0.jpg,https://prod-back.balmain.com/sites/default/files/2025-03/balmain_f25_2x3_look_006.jpg
Balmain burgundy runway 2025,data/latest/images/Balmain_burgundy_runway_2025_550e009bbed1772c.jpg,https://prod-back.balmain.com/sites/default/files/2025-03/balmain_f25_2x3_look_014.jpg
Balmain burgundy runway 2025,data/latest/images/Balmain_burgundy_runway_2025_2ab4fb86e2e7145b.jpg,https://sourcingjournal.com/wp-content/uploads/2024/03/prada-copy.jpg
Balmain burgundy runway 2025,data/latest/images/Balmain_burgundy_runway_2025_684d2c5f0270f8a8.jpg,https://prod-back.balmain.com/sites/default/files/2025-03/balmain_f25_2x3_look_009.jpg
Balmain burgundy runway 2025,data/latest/images/Balmain_burgundy_runway_2025_83b829e415e54ed9.jpg,https://prod-back.balmain.com/sites/default/files/2025-03/balmain_f25_2x3_look_031.jpg
Balmain burgundy runway 2025,data/latest/images/Balmain_burgundy_runway_2025_12a898d0face248d.jpg,https://prod-back.balmain.com/sites/default/files/2025-03/balmain_f25_2x3_look_005.jpg
Balmain burgundy runway 2025,data/latest/images/Balmain_burgundy_runway_2025_af3fb4ac21c8549a.jpg,https://assets.vogue.com/photos/66f5125a066a31e25f75dc92/master/w_2560%2Cc_limit/00002-balmain-spring-2025-ready-to-wear-details-credit-gorunway.jpg
Balmain burgundy runway 2025,data/latest/images/Balmain_burgundy_runway_2025_752837e30a84924b.jpg,https://i.ytimg.com/vi/NHKjDX53Xj8/hq720.jpg?sqp=-oaymwEhCK4FEIIDSFryq4qpAxMIARUAAAAAGAElAADIQj0AgKJD&rs=AOn4CLBjhj9LrCSsMjs7oeA316B8lgJgwQ
Balmain burgundy runway 2025,data/latest/images/Balmain_burgundy_runway_2025_82e5237653ab5202.jpg,https://media.gettyimages.com/id/2174520020/photo/paris-france-models-walk-the-runway-during-the-balmain-womenswear-spring-summer-2025-show-as.jpg?s=612x612&w=gi&k=20&c=JysWHchSf1u0ElUuuDbmt29eBu_J0KLv0QhYyl-xn_I=
Balmain burgundy runway 2025,data/latest/images/Balmain_burgundy_runway_2025_e5dbfe488a67d85c.jpg,https://static.kendam.com/photos/full/c25dc6a335279b2a6b4e79e1223cf782_3491.jpg
Balmain burgundy runway 2025,data/latest/images/Balmain_burgundy_runway_2025_99bfb5f0d2bcc221.jpg,https://i.ytimg.com/vi/Y20lY-4eVNw/maxresdefault.jpg
Balmain burgundy runway 2025,data/latest/images/Balmain_burgundy_runway_2025_673b9e3b539cbd1b.jpg,https://assets.vogue.com/photos/66f485f18c74bac1751f7247/16:9/pass/00001-balmain-spring-2025-ready-to-wear-credit-gorunway.jpg
