city,year,season,title,url,snippet,source,scraped_at_utc
Paris,2024,SS,2024 Men's Spring - Runway,https://wwd.com/runway/mens-spring-2024/,"... Runway. View By. 2024 Men's Spring 2024 Men's Spring. Season, 2026 Spring ... Paris Fashion Week. Paris 2024 Men's Spring · 1989 Studio Men's Spring 2024. 1; 2 ...",wwd.com,20251110-165029
Paris,2024,SS,Saint Laurent Spring 2024 Ready-to-Wear Collection,https://www.vogue.com/fashion-shows/spring-2024-ready-to-wear/saint-laurent,"At Paris Fashion Week, the venues Saint Laurent erects for its women's shows are certainly nonpareil—gigantic architectural constructs with a built-in vista ...",vogue.com,20251110-165029
Paris,2024,SS,The Best Backstage Photos From the Spring 2024 Shows ...,https://www.vogue.com/slideshow/the-best-backstage-photos-from-the-spring-2024-shows-in-paris,"Runway. The Best Backstage Photos From the Spring 2024 Shows in ... TopicsParis Fashion Week. Read More. Opulent, Humble, High-and-Low: 10 ...",vogue.com,20251110-165029
Paris,2024,SS,Givenchy Spring 2024 Ready-to-Wear Collection,https://www.vogue.com/fashion-shows/spring-2024-ready-to-wear/givenchy,... Paris Fashion Week. Floral-shaped twists of chiffon and hand-painted flowers were displayed alongside botanical prints and lace trimmings. These ...,vogue.com,20251110-165029
Paris,2024,SS,2024 Spring Ready-to-Wear – Page 4,https://wwd.com/runway/spring-2024/paris/sankuanz/review/page/4/,... Runway. View By. 2024 Spring Ready-to-Wear 2024 Spring Ready-to-Wear. Season ... Paris Fashion Week · Didu Spring 2026: Culture Vulture · Fashion Show Reviews.,wwd.com,20251110-165029
Paris,2024,SS,The Vogue Business Spring/Summer 2024 size inclusivity ...,https://www.vogue.com/article/the-vogue-business-springsummer-2024-size-inclusivity-report,"It was the first time a plus-size person had walked the Balenciaga runway and placed the brand second in the Paris Fashion Week ranking, with ...",vogue.com,20251110-165029
Paris,2024,SS,Lanvin RTW Spring 2024,https://wwd.com/runway/spring-2024/paris/lanvin/review/,... Runway · Paris 2024 Spring Ready-to-Wear. Lanvin RTW Spring 2024 ... Paris Fashion Week. Newsletters. Sign up for WWD news straight to your ...,wwd.com,20251110-165029
Paris,2024,SS,Christian Cowan RTW Spring 2024,https://wwd.com/runway/spring-2024/paris/christian-cowan/review/,Christian Cowan's debut show at Paris Fashion Week featured a live performance by Sam Smith and a model dressed as a giant ball of fake fur.,wwd.com,20251110-165029
Paris,2024,SS,"Paris fashion week, statement hats, spring 2024",https://wwd.com/pop-culture/culture-news/gallery/statement-hats-paris-fashion-week-spring-1235855937/,"Statement hats have dominated the runways and front rows of Paris Fashion Week this season, ranging from floppy fur hats to top hats.",wwd.com,20251110-165029
Paris,2024,SS,Dries Van Noten RTW Spring 2024,https://wwd.com/runway/spring-2024/paris/dries-van-noten/review/,Dries Van Noten wanted to make the 'familiar unfamiliar' for his women's spring 2024 collection at Paris Fashion Week.,wwd.com,20251110-165029
Paris,2024,FW,2024 Fall Ready-to-Wear,https://wwd.com/runway/fall-2024/,"... Runway. View By. 2024 Fall Ready-to-Wear 2024 Fall Ready-to-Wear. Season ... Paris Fashion Week. Paris 2024 Fall Ready-to-Wear · Tyga, Ye, Charli XCX and ...",wwd.com,20251110-165029
Paris,2024,FW,Undercover Fall 2024 Ready-to-Wear Collection,https://wwd.com/fashion-news/shows-reviews/gallery/undercover-fall-2024-ready-to-wear-collection-1236226097/,"Undercover Fall 2024 ready-to-wear runway, fashion show & collection photos. Designed by Jun Takahashi at Paris Fashion Week, February 2024.",wwd.com,20251110-165029
Paris,2024,FW,Saint Laurent Fall 2024 Ready-to-Wear Collection,https://wwd.com/fashion-news/shows-reviews/gallery/saint-laurent-fall-2024-ready-to-wear-collection-1236225244/,"Saint Laurent Fall 2024 ready-to-wear runway, fashion show & collection photos. Designed by Anthony Vaccarello at Paris Fashion Week, February 2024.",wwd.com,20251110-165029
Paris,2024,FW,Sacai Fall 2024 Ready-to-Wear Collection,https://wwd.com/fashion-news/shows-reviews/gallery/sacai-fall-2024-ready-to-wear-collection-1236240949/,"Sacai Fall 2024 ready-to-wear runway, fashion show & collection photos. Designed by Chitose Abe at Paris Fashion Week, March 2024.",wwd.com,20251110-165029
Paris,2024,FW,Off-White Fall 2024 Ready-to-Wear Collection,https://wwd.com/fashion-news/shows-reviews/gallery/off-white-fall-2024-ready-to-wear-collection-1236228693/,"Off-White Fall 2024 ready-to-wear runway, fashion show & collection photos. Designed by Virgil Abloh at Paris Fashion Week, February 2024.",wwd.com,20251110-165029
Paris,2024,FW,Stella McCartney Fall 2024 Ready-to-Wear Collection,https://wwd.com/fashion-news/shows-reviews/gallery/stella-mccartney-fall-2024-ready-to-wear-collection-1236239766/,"Stella McCartney Fall 2024 ready-to-wear runway, fashion show & collection photos, at Paris Fashion Week, March 2024.",wwd.com,20251110-165029
Paris,2024,FW,Acne Studios Fall 2024 Ready-to-Wear Collection,https://wwd.com/fashion-news/shows-reviews/gallery/acne-studios-fall-2024-ready-to-wear-collection-1236227215/,"Acne Studios Fall 2024 ready-to-wear runway, fashion show & collection photos. Designed by Jonny Johansson at Paris Fashion Week, February 2024.",wwd.com,20251110-165029
Paris,2024,FW,Ester Manas Fall 2024 Ready-to-Wear Collection,https://wwd.com/fashion-news/shows-reviews/gallery/ester-manas-fall-2024-ready-to-wear-collection-1236225827/,"Ester Manas Fall 2024 ready-to-wear runway, fashion show & collection photos. Designed by Ester Manas & Balthazar Delepierre at Paris Fashion Week, ...",wwd.com,20251110-165029
Paris,2024,FW,Rick Owens Fall 2024 Ready-to-Wear Collection,https://wwd.com/fashion-news/shows-reviews/gallery/rick-owens-fall-2024-ready-to-wear-collection-1236229431/,"Rick Owens Fall 2024 ready-to-wear runway, fashion show & collection photos. Designed by Richard Saturnino Owens at Paris Fashion Week, February 2024.",wwd.com,20251110-165029
Paris,2024,FW,Marine Serre Fall 2024 Ready-to-Wear Collection,https://wwd.com/fashion-news/shows-reviews/gallery/marine-serre-1236240310/,"Marine Serre Fall 2024 ready-to-wear runway, fashion show & collection photos, at Paris Fashion Week, March 2024.",wwd.com,20251110-165029
Paris,2025,SS,2025 Spring Ready-to-Wear,https://wwd.com/runway/spring-2025/page/2/,Peter Do breezes through Spring 2025 with main collection and new staples line. Miu Miu Spring 2025 Ready-to-Wear Collection at Paris Fashion Week.,wwd.com,20251110-165029
Paris,2025,SS,Ujoh Spring 2025 Ready-to-Wear Collection,https://wwd.com/fashion-news/shows-reviews/gallery/ujoh-spring-2025-ready-to-wear-collection-1236665776/,"Ujoh Spring 2025 ready-to-wear runway, fashion show & collection photos, at Paris Fashion Week, September 2024.",wwd.com,20251110-165029
Paris,2025,SS,Vetements Spring 2025 Ready-to-Wear Collection [PHOTOS],https://wwd.com/fashion-news/shows-reviews/gallery/vetements-spring-2025-ready-to-wear-collection-1236652983/,"Vetements Spring 2025 ready-to-wear runway, fashion show & collection photos at Paris Fashion Week, September 2024.",wwd.com,20251110-165029
Paris,2025,SS,Saint Laurent Spring 2025 Ready-to-Wear Collection,https://wwd.com/fashion-news/shows-reviews/gallery/saint-laurent-spring-2025-ready-to-wear-collection-1236644634/,"Saint Laurent Spring 2025 ready-to-wear runway, fashion show & collection photos. Designed by Anthony Vaccarello at Paris Fashion Week.",wwd.com,20251110-165029
Paris,2025,SS,Paris Fashion Week cheat sheet: Spring/Summer 2025,https://www.vogue.com/article/paris-fashion-week-cheat-sheet-spring-summer-2025,"Paris Fashion Week cheat sheet: Spring/Summer 2025. Alessandro Michele's big debut at Valentino, plus other shows, events and changes to note ...",vogue.com,20251110-165029
Paris,2025,SS,Leonard Paris Spring 2025 Ready-to-Wear Collection,https://wwd.com/fashion-news/shows-reviews/gallery/leonard-paris-spring-2025-ready-to-wear-collection-1236651502/,"Leonard Paris Spring 2025 ready-to-wear runway, fashion show & collection photos at Paris Fashion Week, September 2024.",wwd.com,20251110-165029
Paris,2025,SS,Weinsanto Spring 2025 Ready-to-Wear Collection,https://wwd.com/fashion-news/shows-reviews/gallery/weinsanto-spring-2025-ready-to-wear-collection-1236640587/,"Weinsanto Spring 2025 ready-to-wear runway, fashion show & collection photos. Designed by Victor Weinsanto at Paris Fashion Week, September 2024.",wwd.com,20251110-165029
Paris,2025,SS,2025 Spring Ready-to-Wear,https://wwd.com/runway/spring-2025/,... Spring 2025 ready-to-wear collection at Paris Fashion Week. Paris 2025 Spring Ready-to-Wear · Paloma Wool Spring 2025: Making Music With Your Body · Zuhair ...,wwd.com,20251110-165029
Paris,2025,SS,Christopher Esber Spring 2025 Ready-to-Wear Collection,https://wwd.com/fashion-news/shows-reviews/gallery/christopher-esber-spring-2025-ready-to-wear-collection-1236650880/,"Christopher Esber Spring 2025 ready-to-wear runway, fashion show & collection photos, at Paris Fashion Week, September 2024.",wwd.com,20251110-165029
Paris,2025,SS,Johanna Ortiz Spring 2025 Ready-to-Wear Collection,https://wwd.com/fashion-news/shows-reviews/gallery/johanna-ortiz-spring-2025-ready-to-wear-collection-1236653899/,"Johanna Ortiz Spring 2025 ready-to-wear runway, fashion show & collection photos, at Paris Fashion Week, September 2024.",wwd.com,20251110-165029
Paris,2025,FW,2025 Fall Ready-to-Wear,https://wwd.com/runway/fall-2025/page/4/,Alexander McQueen Fall 2025 Ready-to-Wear Collection at Paris Fashion Week · McQueen Fall 2025: Raw Opulence Meets Commercial Cool in a Collection That's Another ...,wwd.com,20251110-165029
Paris,2025,FW,2025 Fall Couture,https://wwd.com/runway/fall-couture-2025/,... 2025 Fall Couture · RVDK Ronald van der Kemp Couture Fall 2025: Love Your Mother · Rahul Mishra Fall 2025 Couture at Paris Fashion Week. Paris 2025 Fall Couture ...,wwd.com,20251110-165029
Paris,2025,FW,Zomer Fall 2025 Ready-To-Wear Collection,https://wwd.com/fashion-news/shows-reviews/gallery/zomer-fall-2025-ready-to-wear-collection-1237018968/,"Zomer Fall 2025 ready-to-wear fashion show & collection photos. Designed by Danial Aitouganov and Imruh Asha, Paris, France, February 2025.",wwd.com,20251110-165029
Paris,2025,FW,Paris Fashion Week cheat sheet: Autumn/Winter 2025,https://www.vogue.com/article/paris-fashion-week-cheat-sheet-autumn-winter-2025,"Paris Fashion Week cheat sheet: Autumn/Winter 2025. The shows, events and changes in the schedule to note as you head to Paris. By Laure ...",vogue.com,20251110-165029
Paris,2025,FW,Undercover Fall 2025 Ready-to-Wear Collection,https://wwd.com/fashion-news/shows-reviews/gallery/undercover-fall-2025-ready-to-wear-collection-1237020846/,"Undercover Fall 2025 ready-to-wear fashion show & collection photos. Designed by Jun Takahashi, Paris, France, March 2025.",wwd.com,20251110-165029
Paris,2025,FW,Off-White Fall 2025 Ready-To-Wear Collection,https://wwd.com/fashion-news/shows-reviews/gallery/off-white-fall-2025-ready-to-wear-collection-1237026068/,"Off-White Fall 2025 ready-to-wear fashion show & collection photos. Designed by Ib Kamara in Paris, France, in March 2025.",wwd.com,20251110-165029
Paris,2025,FW,Givenchy Fall 2025 Ready-To-Wear Collection,https://wwd.com/fashion-news/shows-reviews/gallery/givenchy-fall-2025-ready-to-wear-collection-1237029426/,"Givenchy Fall 2025 ready-to-wear fashion show & collection photos. Designed by Sarah Burton in Paris, France, in March 2025.",wwd.com,20251110-165029
Paris,2025,FW,Tom Ford Fall 2025 Ready-To-Wear Collection,https://wwd.com/fashion-news/shows-reviews/gallery/tom-ford-fall-2025-ready-to-wear-collection-1237025196/,"Tom Ford Fall 2025 ready-to-wear fashion show & collection photos. Designed by Haider Ackermann and presented in Paris, France, in March 2025.",wwd.com,20251110-165029
Paris,2025,FW,Acne Studios Fall 2025 Ready-To-Wear Collection,https://wwd.com/fashion-news/shows-reviews/gallery/acne-studios-fall-2025-ready-to-wear-collection-1237024007/,"Acne Studios Fall 2025 ready-to-wear fashion show & collection photos. Designed in Paris, France, March 2025.",wwd.com,20251110-165029
Paris,2025,FW,The Row Winter 2025 Ready-To-Wear Collection,https://wwd.com/fashion-news/shows-reviews/gallery/the-row-fall-2025-ready-to-wear-collection-1237037328/,"The Row Fall Winter 2025 ready-to-wear fashion show & collection photos. Presented in Paris, France, in March 2025.",wwd.com,20251110-165029
Milan,2024,SS,The Best Backstage Photos From the Spring 2024 Shows ...,https://www.vogue.com/slideshow/the-best-backstage-photos-from-the-spring-summer-2024-shows-in-milan,Runway. The Best Backstage Photos From the Spring 2024 Shows in ... TopicsMilan Fashion Week. Read More. What Is Vogue World: Hollywood ...,vogue.com,20251110-165029
Milan,2024,SS,Sunnei Fall 2024 Ready-to-Wear Collection,https://wwd.com/fashion-news/shows-reviews/gallery/sunnei-fall-2024-ready-to-wear-collection-1236213848/,"Sunnei Fall 2024 ready-to-wear runway, fashion show & collection photos. Designed by Simone Rizzo and Loris Messina at Milan Fashion Week, ...",wwd.com,20251110-165029
Milan,2024,SS,No. 21 RTW Spring 2024,https://wwd.com/runway/spring-2024/milan/no-21/review/,Fashion From Behind: The Back Is Back in Focus · Runway · Milan 2024 Spring Ready-to-Wear ... Milan Fashion Week · No. 21. Newsletters. Sign up ...,wwd.com,20251110-165029
Milan,2024,SS,"Milan Fashion Week, February 2024 Edition",https://wwd.com/fashion-news/fashion-features/milan-fashion-week-february-2024-calendar-all-shows-events-1236168710/,"The upcoming edition of Milan Fashion Week, running Feb. 20 to 26 with 161 physical and digital fashion shows, presentations and events.",wwd.com,20251110-165029
Milan,2024,SS,Giorgio Armani RTW Spring 2024,https://wwd.com/runway/spring-2024/milan/giorgio-armani/review/,... Runway · Milan 2024 Spring Ready-to-Wear. Giorgio Armani RTW ... Milan Fashion Week. Newsletters. Sign up for WWD news straight to your ...,wwd.com,20251110-165029
Milan,2024,SS,The 5 Biggest Beauty Trends of Milan Fashion Week,https://www.vogue.com/article/milan-fashion-week-ss24-beauty,"Milan Fashion Week is always bound to bring the glamour, and this season's beauty notes ranged from sweet and saturated to just the right amount of referential.",vogue.com,20251110-165029
Milan,2024,SS,Gucci RTW Spring 2024,https://wwd.com/runway/spring-2024/milan/gucci/review/,... Runway · Milan 2024 Spring Ready-to-Wear. Gucci RTW Spring 2024 ... Milan Fashion Week. Newsletters. Sign up for WWD news straight to your ...,wwd.com,20251110-165029
Milan,2024,SS,Etro RTW Spring 2024,https://wwd.com/runway/spring-2024/milan/etro/review/,Runway · Milan 2024 Spring Ready-to-Wear. Etro RTW Spring 2024 ... Milan Fashion Week. Newsletters. Sign up for WWD news straight to your ...,wwd.com,20251110-165029
Milan,2024,SS,Versace RTW Spring 2024,https://wwd.com/runway/spring-2024/milan/versace/review/,"Change came to the Versace spring 2024 runway, too, where the ... Milan Fashion Week. Newsletters. Sign up for WWD news straight to your ...",wwd.com,20251110-165029
Milan,2024,SS,Tom Ford RTW Spring 2024,https://wwd.com/runway/spring-2024/milan/tom-ford/review/,... Runway · Milan 2024 Spring Ready-to-Wear. Tom Ford RTW Spring 2024. Peter ... Milan Fashion Week · Tom Ford. Newsletters. Sign up for WWD news ...,wwd.com,20251110-165029
Milan,2024,FW,No. 21 Fall 2024 Ready-to-Wear Collection,https://wwd.com/fashion-news/shows-reviews/gallery/no-21-fall-2024-ready-to-wear-1236207910/,"No 21. Fall 2024 ready-to-wear runway, fashion show & collection photos. Designed by Alessandro Dell'Acqua at Milan Fashion Week, February 2024.",wwd.com,20251110-165029
Milan,2024,FW,Giorgio Armani Fall 2024 Ready-to-Wear Collection,https://wwd.com/fashion-news/shows-reviews/gallery/giorgio-armani-fall-2024-ready-to-wear-collection-1236218270/,"Giorgio Armani Fall 2024 ready-to-wear runway, fashion show & collection photos. Designed by Giorgio Armani at Milan Fashion Week, February 2024.",wwd.com,20251110-165029
Milan,2024,FW,Tom Ford Fall 2024 Ready-to-Wear Collection,https://wwd.com/fashion-news/shows-reviews/gallery/tom-ford-fall-2024-ready-to-wear-collection-1236211131/,"Tom Ford Fall 2024 ready-to-wear runway, fashion show & collection photos. Designed by Peter Hawkings at Milan Fashion Week, February 2024.",wwd.com,20251110-165029
Milan,2024,FW,Ferragamo Fall 2024 Ready-to-Wear Collection,https://wwd.com/fashion-news/shows-reviews/gallery/ferragamo-fall-2024-ready-to-wear-collection-1236215610/,"Ferragamo Fall 2024 ready-to-wear runway, fashion show & collection photos. Designed by Maximilian Davis at Milan Fashion Week, February 2024.",wwd.com,20251110-165029
Milan,2024,FW,Diesel Fall 2024 Ready-to-Wear Collection,https://wwd.com/fashion-news/shows-reviews/gallery/diesel-fall-2024-ready-to-wear-collection-1236205859/,"Diesel Fall 2024 ready-to-wear runway, fashion show & collection photos. Designed by Glenn Martens at Milan Fashion Week, February 2024.",wwd.com,20251110-165029
Milan,2024,FW,Bottega Veneta Fall 2024 Ready-to-Wear Collection,https://wwd.com/fashion-news/shows-reviews/gallery/bottega-veneta-fall-2024-ready-to-wear-collection-1236216834/,"Bottega Veneta Fall 2024 ready-to-wear runway, fashion show & collection photos. Designed by Matthieu Blazy at Milan Fashion Week, February 2024.",wwd.com,20251110-165029
Milan,2024,FW,Bally Fall 2024 Ready-to-Wear Collection,https://wwd.com/fashion-news/shows-reviews/gallery/bally-fall-2024-ready-to-wear-collection-1236216428/,"Bally Fall 2024 ready-to-wear runway, fashion show & collection photos. Designed by Simone Bellotti at Milan Fashion Week, February 2024.",wwd.com,20251110-165029
Milan,2024,FW,Etro Fall 2024 Ready-to-Wear Collection,https://wwd.com/fashion-news/shows-reviews/gallery/etro-fall-2024-ready-to-wear-collection-1236207471/,"Etro Fall 2024 ready-to-wear runway, fashion show & collection photos. Designed by Marco De Vincenzo at Milan Fashion Week, February 2024.",wwd.com,20251110-165029
Milan,2024,FW,Philosophy di Lorenzo Serafini Fall 2024 Ready-to-Wear ...,https://wwd.com/fashion-news/shows-reviews/gallery/philosophy-by-lorenzo-serafini-fall-2024-ready-to-wear-collection-1236212261/,... Collection at Milan Fashion Week. next · Skip In 00 : 02 prevnext. Philosophy di Lorenzo Serafini Fall 2024 Ready-to-Wear Collection.,wwd.com,20251110-165029
Milan,2024,FW,Versace Fall 2024 Ready-to-Wear Collection,https://wwd.com/fashion-news/shows-reviews/gallery/versace-fall-2024-ready-to-wear-collection-1236214436/,"Versace Fall 2024 ready-to-wear runway, fashion show & collection photos. Designed by Donatella Versace at Milan Fashion Week, February 2024.",wwd.com,20251110-165029
Milan,2025,SS,2025 Spring Ready-to-Wear - Runway,https://wwd.com/runway/spring-2025/all/page/26/,... Milan Fashion Week · Milan 2025 Spring Ready-to-Wear · Tom Ford Spring 2025 Ready-To-Wear Collection · Genny Spring 2025 Ready-To-Wear Collection at Milan ...,wwd.com,20251110-165029
Milan,2025,SS,No 21 Spring 2025 Ready-To-Wear Collection [PHOTOS],https://wwd.com/fashion-news/shows-reviews/gallery/n21-spring-2025-ready-to-wear-collection-1236627545/,View the No 21 Spring 2025 ready-to-wear collection [PHOTOS],wwd.com,20251110-165029
Milan,2025,SS,Milan Fashion Week cheat sheet: Spring/Summer 2025,https://www.vogue.com/article/milan-fashion-week-cheat-sheet-spring-summer-2025,"After a string of debuts for AW24, Milan Fashion Week (MFW) SS25 is the season of sophomores. First, Moschino's Adrian Appiolaza will present ...",vogue.com,20251110-165029
Milan,2025,SS,2025 Spring Ready-to-Wear,https://wwd.com/runway/spring-2025/page/9/,Blazé Milano Spring 2025 Ready-To-Wear Collection at Milan Fashion Week ... Model on the runway at Roberto Cavalli RTW Spring 2025 as part of Milan Ready to.,wwd.com,20251110-165029
Milan,2025,SS,best Street style at Milan Fashion Week Spring 2025,https://wwd.com/fashion-news/fashion-trends/gallery/best-street-style-photos-milan-fashion-week-spring-2025-1236623608/,Enjoy photos of the best Milan Fashion Week street style during Spring 2025 shows.,wwd.com,20251110-165029
Milan,2025,SS,Rave Review Spring 2025 Ready-to-Wear Collection,https://wwd.com/fashion-news/shows-reviews/gallery/rave-review-spring-2025-ready-to-wear-collection-1236638844/,"Rave Review Spring 2025 ready-to-wear runway, fashion show & collection photos at Milan Fashion Week, September 2024.",wwd.com,20251110-165029
Milan,2025,SS,2025 Spring Ready-to-Wear / Milan,https://wwd.com/runway/spring-2025/milan/blaze/review/page/4/,Model on the runway at Roberto Cavalli RTW Spring 2025 as part of Milan Ready to ... Milan Fashion Week · Milan 2025 Spring Ready-to-Wear · Luisa Beccaria Puts ...,wwd.com,20251110-165029
Milan,2025,SS,4 Shoe Trends That Ruled Milan's Spring 2025 Runways ...,https://wwd.com/footwear-news/shoe-trends/gallery/milan-fashion-week-spring-2025-shoe-trends-photos-1237868553/,"See all the trends below, in photos. Backstage at Roberto Cavalli Spring 2025 Ready-To-Wear Collection at Milan Fashion Week.",wwd.com,20251110-165029
Milan,2025,SS,2025 Men's Spring,https://wwd.com/runway/mens-spring-2025/page/5/,Tod's Spring 2025 Men's Ready-to-Wear Collection at Milan Fashion Week · Tod's Men's Spring 2025: Artisanal Intelligence to Keep Artificial Intelligence in Check.,wwd.com,20251110-165029
Milan,2025,SS,"Sportmax Spring 2025 Ready to Wear Runway, Fashion ...",https://wwd.com/runway/spring-2025/milan/sportmax/review/,"Sportmax Spring 2025 ready to wear runway, fashion show & collection review. The ... Milan Fashion Week · Sportmax. Newsletters. Sign up for WWD ...",wwd.com,20251110-165029
Milan,2025,FW,2025 Fall Ready-to-Wear / Milan,https://wwd.com/runway/fall-2025/milan/,... Milan 2025 Fall Ready-to-Wear · Yali Fall 2025 Ready-to-Wear Collection · Durazzi Milano Fall 2025 Ready-to-Wear Collection at Milan Fashion Week · Milan 2025 ...,wwd.com,20251110-165029
Milan,2025,FW,Milan Fashion Week cheat sheet: Autumn/Winter 2025,https://www.vogue.com/article/milan-fashion-week-cheat-sheet-autumn-winter-2025,Milan Fashion Week cheat sheet: Autumn/Winter 2025 · The new names to look out for · Two choices: Stay conservative or be more daring · More ...,vogue.com,20251110-165029
Milan,2025,FW,No. 21 Fall 2025 Ready-to-Wear Collection,https://wwd.com/fashion-news/shows-reviews/gallery/n21-fall-2025-ready-to-wear-collection-1236997473/,No. 21 Fall 2025 ready-to-wear fashion show & collection photos.,wwd.com,20251110-165029
Milan,2025,FW,Sunnei Fall 2025 Ready-To-Wear Collection,https://wwd.com/fashion-news/shows-reviews/gallery/sunnei-fall-2025-ready-to-wear-collection-1237007517/,"Sunnei Fall 2025 ready-to-wear fashion show & collection photos. Designed by Simone Rizzo and Loris Messina, Milan, Italy, February 2025.",wwd.com,20251110-165029
Milan,2025,FW,Iceberg Fall 2025 Ready-to-Wear Collection,https://wwd.com/fashion-news/shows-reviews/gallery/iceberg-fall-2025-ready-to-wear-collection-1236997214/,Iceberg Fall 2025 ready-to-wear fashion show & collection photos.,wwd.com,20251110-165029
Milan,2025,FW,Diesel Fall 2025 Ready-to-Wear Collection,https://wwd.com/fashion-news/shows-reviews/gallery/diesel-fall-2025-ready-to-wear-collection-1237000663/,"Diesel Fall 2025 ready-to-wear fashion show & collection photos. Designed by Glenn Martens in Milan, Italy, February 2025.",wwd.com,20251110-165029
Milan,2025,FW,Sportmax Fall 2025 Ready-to-Wear Collection,https://wwd.com/fashion-news/shows-reviews/gallery/sportmax-fall-2025-ready-to-wear-collection-1237007475/,... Sportmax Fall 2025 ...,wwd.com,20251110-165029
Milan,2025,FW,Giorgio Armani Fall 2025 Ready-To-Wear Collection,https://wwd.com/fashion-news/shows-reviews/gallery/giorgio-armani-fall-2025-ready-to-wear-collection-1237011028/,"Giorgio Armani Fall 2025 ready-to-wear fashion show & collection photos. Milan, Italy, March 2025.",wwd.com,20251110-165029
Milan,2025,FW,Best Milan Fashion Week Street Style Fall 2025 Photos,https://wwd.com/fashion-news/street-style/gallery/milan-fashion-week-street-style-fall-2025-photos-1236998559/,See photos of Milan Fashion Week street style fall 2025 featuring fashion from outside the shows.,wwd.com,20251110-165029
Milan,2025,FW,Ferragamo Fall 2025 Ready-To-Wear Collection,https://wwd.com/fashion-news/shows-reviews/gallery/ferragamo-fall-2025-ready-to-wear-collection-1237008952/,... Ferragamo Fall 2025 ...,wwd.com,20251110-165029
New York,2024,SS,The Complete Spring 2024 New York Fashion Week ...,https://www.vogue.com/article/new-york-fashion-week-spring-2024-calendar,See the complete spring 2024 New York Fashion Week calendar here.,vogue.com,20251110-165029
New York,2024,SS,Area Spring 2024 Ready-to-Wear: Surrealism in the Eye of ...,https://wwd.com/runway/spring-2024/new-york/area/review/,"Area Spring 2024 Ready-to-Wear Runway, Fashion Show & Collection. The ... New York Fashion Week. Nina Westervelt/WWD · Share this article on ...",wwd.com,20251110-165029
New York,2024,SS,Phil Oh's Best Street Style Photos From the Spring 2024 ...,https://www.vogue.com/slideshow/phil-ohs-best-street-style-photos-from-the-spring-2024-shows-in-new-york,Runway. Phil Oh's Best Street Style Photos From the Spring 2024 ... TopicsNew York Fashion WeekSpring 2024 Ready-to-Wear. Read More. 30+ ...,vogue.com,20251110-165029
New York,2024,SS,The Vogue Business Spring/Summer 2024 size inclusivity ...,https://www.vogue.com/article/the-vogue-business-springsummer-2024-size-inclusivity-report,"The New-York based designer — who typically shows during New York Fashion Week — brought an inclusive cast to the Parisian stage, including ...",vogue.com,20251110-165029
New York,2024,SS,Michael Kors Collection Spring 2024 Ready-to-Wear ...,https://www.vogue.com/fashion-shows/spring-2024-ready-to-wear/michael-kors-collection,"Michael Kors Collection Spring 2024 Ready-to-Wear collection, runway looks, beauty, models, and reviews ... New York Fashion Week at bay. At a preview in his ...",vogue.com,20251110-165029
New York,2024,SS,Jonathan Cohen RTW Spring 2024,https://wwd.com/runway/spring-2024/new-york/jonathan-cohen/review/,Jonathan Cohen returned to New York Fashion Week with a floral-filled spring collection inspired by the Impressionist movement and punk rock.,wwd.com,20251110-165029
New York,2024,SS,Ralph Lauren Spring 2024 Ready-to-Wear Collection,https://www.vogue.com/fashion-shows/spring-2024-ready-to-wear/ralph-lauren,"Ralph Lauren Spring 2024 Ready-to-Wear collection, runway looks, beauty, models, and reviews ... The last time Ralph Lauren was on the New York Fashion Week ...",vogue.com,20251110-165029
New York,2024,SS,Coach RTW Spring 2024,https://wwd.com/runway/spring-2024/new-york/coach-3/review/,... Runway · New York 2024 Spring Ready-to-Wear. Coach RTW Spring 2024 ... New York Fashion Week · Spring. Newsletters. Sign up for WWD news ...,wwd.com,20251110-165029
New York,2024,SS,Grace Ling RTW Spring 2024,https://wwd.com/?runway-review=grace-ling-rtw-spring-1235795688,Emerging designer Grace Ling made her New York Fashion Week debut with a darkly sexy impact.,wwd.com,20251110-165029
New York,2024,SS,New York Fashion Week,https://www.vogue.com/tag/event/new-york-fashion-week,"Get the latest on New York Fashion Week from Vogue. See all the best street style, front row fashion and backstage moments from New York Fashion Week here.",vogue.com,20251110-165029
New York,2024,FW,Area Fall 2024 Ready-to-Wear Collection,https://wwd.com/fashion-news/shows-reviews/gallery/area-fall-2024-ready-to-wear-collection-1236578333/,"Area Fall 2024 ready-to-wear runway, fashion show & collection photos, at New York Fashion Week, September 2024.",wwd.com,20251110-165029
New York,2024,FW,Sandy Liang Fall 2024 Ready-to-Wear Collection,https://wwd.com/fashion-news/shows-reviews/gallery/sandy-liang-fall-2024-ready-to-wear-collection-1236181999/,"Sandy Liang Fall 2024 ready-to-wear runway, fashion show & collection photos. Designed by Sandy Liang at New York Fashion Week, February 2024.",wwd.com,20251110-165029
New York,2024,FW,2024 Men's Fall - Runway,https://wwd.com/runway/mens-fall-2024/,... New York Fashion Week · New York 2024 Men's Fall · Willy Chavarria Fall 2024 ... 2024 Men's Fall · Doublet RTW Fall 2024 · Rhude Men's Fall 2024. Paris 2024 Men's ...,wwd.com,20251110-165029
New York,2024,FW,Brandon Maxwell Fall 2024 Ready-to-Wear Photos,https://wwd.com/fashion-news/shows-reviews/gallery/brandon-maxwell-fall-2024-ready-to-wear-1236192536/,"Brandon Maxwell Fall 2024 ready-to-wear runway, fashion show & collection photos. Designed by Thom Browne at New York Fashion Week, February 2024.",wwd.com,20251110-165029
New York,2024,FW,Cucculelli Shaheen Fall 2024 Ready-to-Wear Photos,https://wwd.com/fashion-news/shows-reviews/gallery/cucculelli-shaheen-fall-2024-ready-to-wear-1236179694/,"Cucculelli Shaheen Fall 2024 ready-to-wear runway, fashion show ... New York Fashion Week, February 11, 2024.",wwd.com,20251110-165029
New York,2024,FW,Diotima Fall 2024 Ready-to-Wear Photos,https://wwd.com/fashion-news/shows-reviews/gallery/diotima-fall-2024-ready-to-wear-1236185189/,"Diotima Fall 2024 ready-to-wear runway, fashion show & collection photos. Designed by Rachel Scott at New York Fashion Week, February 2024.",wwd.com,20251110-165029
New York,2024,FW,2024 Fall Ready-to-Wear,https://wwd.com/runway/fall-2024/,Marc Jacobs Fall 2024 Ready-to-Wear Collection at New York Fashion Week. New York 2024 Fall Ready-to-Wear. Marc Jacobs' Fall 2024 Collection Exuded Joy and Fun ...,wwd.com,20251110-165029
New York,2024,FW,Tommy Hilfiger Fall 2024 Ready-to-Wear Photos,https://wwd.com/fashion-news/fashion-features/gallery/tommy-hilfiger-fall-2024-ready-to-wear-1236176745/,"Tommy Hilfiger Fall 2024 ready-to-wear runway, fashion show & collection photos. Designed by Tommy Hilfiger at New York Fashion Week, February 2024.",wwd.com,20251110-165029
New York,2024,FW,Johanna Ortiz Fall 2024 Ready-to-Wear Collection,https://wwd.com/fashion-news/shows-reviews/gallery/johanna-ortiz-fall-2024-ready-to-wear-1236242390/,"Johanna Ortiz Fall 2024 ready-to-wear runway, fashion show & collection photos. Designed by Johanna Ortiz at New York Fashion Week, February 2024.",wwd.com,20251110-165029
New York,2024,FW,New York Fashion Week cheat sheet: Autumn/Winter 2024,https://www.vogue.com/article/new-york-fashion-week-cheat-sheet-autumn-winter-2024,"The Autumn/Winter 2024 New York Fashion Week shows start tomorrow, 9 February, with a new home base, a Parisian party crasher and an earlier ...",vogue.com,20251110-165029
New York,2025,SS,A.L.C. Spring 2025 Ready-to-Wear Collection,https://wwd.com/fashion-news/shows-reviews/gallery/a-l-c-spring-2025-ready-to-wear-collection-1236600157/,"A.L.C. Spring 2025 ready-to-wear runway, fashion show & collection photos. Designed by A.L.C. at New York Fashion Week, September 2024.",wwd.com,20251110-165029
New York,2025,SS,Off-White Spring 2025 Ready-to-Wear Collection,https://wwd.com/fashion-news/shows-reviews/gallery/off-white-spring-2025-ready-to-wear-1236583201/,"Off-White Spring 2025 ready-to-wear runway, fashion show & collection photos. Designed by Ib Kamara at New York Fashion Week, September 2024.",wwd.com,20251110-165029
New York,2025,SS,2025 Spring Ready-to-Wear,https://wwd.com/runway/spring-2025/,Emilio Pucci Spring 2025: A Show With a View · Nihl Fall 2025 Ready-to-Wear Collection at New York Fashion Week · New York 2025 Spring Ready-to-Wear · Nihl Fall ...,wwd.com,20251110-165029
New York,2025,SS,Aknvas Spring 2025 Ready-to-Wear Collection,https://wwd.com/fashion-news/shows-reviews/gallery/aknvas-spring-2025-ready-to-wear-1236588492/,"Aknvas Spring 2025 ready-to-wear runway, fashion show & collection photos. Designed by Aknvas at New York Fashion Week, September 2024.",wwd.com,20251110-165029
New York,2025,SS,Ashlyn Spring 2025 Ready-to-Wear Collection,https://wwd.com/fashion-news/shows-reviews/gallery/ashlyn-spring-2025-ready-to-wear-1236585651/,"Ashlyn Spring 2025 ready-to-wear runway, fashion show & collection photos, at New York Fashion Week, September 2024.",wwd.com,20251110-165029
New York,2025,SS,Proenza Schouler Spring 2025 Ready-to-Wear Collection,https://wwd.com/fashion-news/shows-reviews/gallery/proenza-schouler-spring-2024-ready-to-wear-collection-photos-1236569861/,Proenza Schouler Spring 2025 Ready-to-Wear Collection at New York Fashion Week.,wwd.com,20251110-165029
New York,2025,SS,LoveShackFancy Spring 2025 Ready-to-Wear Collection,https://wwd.com/fashion-news/shows-reviews/gallery/loveshackfancy-spring-2025-ready-to-wear-1236606617/,"LoveShackFancy Spring 2025 ready-to-wear runway, fashion show & collection photos. Designed by Rebecca Hessel Cohen at New York Fashion Week, September 2024.",wwd.com,20251110-165029
New York,2025,SS,Christian Siriano Spring 2025 Ready-to-Wear Collection,https://wwd.com/fashion-news/shows-reviews/gallery/christian-siriano-spring-2025-ready-to-wear-1236578618/,"Christian Siriano Spring 2025 ready-to-wear runway, fashion show & collection photos. Designed by Christian Siriano at New York Fashion Week, September 2025.",wwd.com,20251110-165029
New York,2025,SS,LaQuan Smith Spring 2025 Ready-to-Wear Collection,https://wwd.com/fashion-news/shows-reviews/gallery/laquan-smith-spring-2025-ready-to-wear-1236588939/,"LaQuan Smith Spring 2025 ready-to-wear runway, fashion show & collection photos. Designed by LaQuan Smith at New York Fashion Week, September 2024.",wwd.com,20251110-165029
New York,2025,SS,Dennis Basso Spring 2025 Ready-to-Wear Collection,https://wwd.com/fashion-news/shows-reviews/gallery/dennis-basso-spring-2025-ready-to-wear-1236587781/,"Dennis Basso Spring 2025 ready-to-wear runway, fashion show & collection photos. Designed by Dennis Basso at New York Fashion Week,",wwd.com,20251110-165029
New York,2025,FW,Cos Fall 2025 Ready-to-Wear Collection,https://wwd.com/fashion-news/shows-reviews/gallery/cos-fall-2025-ready-to-wear-photos-1238156265/,"Cos Fall 2025 ready-to-wear runway, fashion show & collection photos. Designed by Karin Gustafsson at New York Fashion Week, September 2026.",wwd.com,20251110-165029
New York,2025,FW,Fforme Fall 2025 Ready-to-Wear Collection,https://wwd.com/fashion-news/shows-reviews/gallery/fforme-fall-2025-ready-to-wear-collection-photo-1236913029/,"Fforme Fall 2025 ready-to-wear runway, fashion show & collection photos. Designed by Frances Howie at New York Fashion Week, February 2025.",wwd.com,20251110-165029
New York,2025,FW,TWP Fall 2025 Ready-to-Wear Collection,https://wwd.com/fashion-news/shows-reviews/gallery/twp-fall-2025-ready-to-wear-collection-1236920542/,"TWP Fall 2025 ready-to-wear runway, fashion show & collection photos at New York Fashion Week, February 2025.",wwd.com,20251110-165029
New York,2025,FW,Theory Fall 2025 Ready-to-Wear Collection,https://wwd.com/fashion-news/shows-reviews/gallery/theory-fall-2025-ready-to-wear-collection-photo-1236915841/,"Theory Fall 2025 ready-to-wear runway, fashion show & collection photos, at New York Fashion Week, February 2025.",wwd.com,20251110-165029
New York,2025,FW,New York Fashion Week Fall 2025 Ready-to-Wear Trend: Fur,https://wwd.com/fashion-news/fashion-trends/gallery/new-york-fashion-week-fall-2025-ready-to-wear-trend-fur-1236954243/,"View photos of one of the top trends on New York Fashion Week Fall 2025 runways, fur.",wwd.com,20251110-165029
New York,2025,FW,2025 Fall Ready-to-Wear,https://wwd.com/runway/fall-2025/,Cos Fall 2025 ready-to-wear collection at New York Fashion Week. New York 2025 Fall Ready-to-Wear · Cos Fall 2025: Smart and Effortless.,wwd.com,20251110-165029
New York,2025,FW,Anna Sui Fall 2025 Ready-to-Wear Collection,https://wwd.com/fashion-news/shows-reviews/gallery/anna-sui-fall-2025-ready-to-wear-collection-photo-1236916152/,"Anna Sui Fall 2025 ready-to-wear runway, fashion show & collection photos. Designed by Anna Sui at New York Fashion Week, February 2025.",wwd.com,20251110-165029
New York,2025,FW,Calvin Klein 2025 Ready-to-Wear Collection,https://wwd.com/fashion-news/shows-reviews/gallery/calvin-klein-2025-ready-to-wear-collection-photos-1236913522/,"Calvin Klein Fall 2025 ready-to-wear runway, fashion show & collection photos. Designed by Veronica Leoni at New York Fashion Week, February 2025.",wwd.com,20251110-165029
New York,2025,FW,New York Fashion Week cheat sheet: Autumn/Winter 2025,https://www.vogue.com/article/new-york-fashion-week-cheat-sheet-autumn-winter-2025,New York Fashion Week is an island of its own this season. The Autumn/Winter 2025 womenswear shows begins in New York this week and lasts ...,vogue.com,20251110-165029
New York,2025,FW,Christian Cowan Fall 2025 Ready-to-Wear Collection,https://wwd.com/fashion-news/shows-reviews/gallery/christian-cowan-fall-2025-ready-to-wear-collection-photo-1236914213/,"Christian Cowan Fall 2025 ready-to-wear runway, fashion show & collection photos. Designed by Christian Cowan at New York Fashion Week, February 2025.",wwd.com,20251110-165029
London,2024,SS,Stefan Cooke Spring 2024 Ready-to-Wear Collection,https://www.vogue.com/fashion-shows/spring-2024-ready-to-wear/stefan-cooke,"Stefan Cooke Spring 2024 Ready-to-Wear collection, runway looks, beauty, models, and reviews ... Stefan Cooke started London Fashion Week with a ...",vogue.com,20251110-165029
London,2024,SS,The Best Backstage Photos From the Spring 2024 Shows ...,https://www.vogue.com/slideshow/the-best-backstage-photos-from-the-spring-2024-shows-in-london,"With Daniel Lee's second runway show for Burberry, JW Anderson's ... TopicsLondon Fashion Week. Read More. Read the Full Vogue World 2025 ...",vogue.com,20251110-165029
London,2024,SS,"Burberry, JW Anderson to Show at London Fashion Week ...",https://wwd.com/fashion-news/fashion-scoops/lfw-september-2023-spring-2024-schedule-1235750172/,"Burberry, JW Anderson and Chopova Lowena are returning to London Fashion Week, which runs from Sept. 15 to 19 with a host of physical and digital shows.",wwd.com,20251110-165029
London,2024,SS,Ashish RTW Spring 2024,https://wwd.com/runway/spring-2024/london/ashish/review/,"His return to the London Fashion Week runway was a fuse of “sex-positive, body-positive, joyful celebration of everyone,” with the elements of disco.",wwd.com,20251110-165029
London,2024,SS,Knwls RTW Spring 2024,https://wwd.com/runway/spring-2024/london/knwls/review/,... Runway · London 2024 Spring Ready-to-Wear. Knwls RTW Spring 2024 ... London Fashion Week. Newsletters. Sign up for WWD news straight to ...,wwd.com,20251110-165029
London,2024,SS,Burberry RTW Spring 2024,https://wwd.com/runway/spring-2024/london/burberry/review/,... Runway · London 2024 Spring Ready-to-Wear. Burberry RTW Spring 2024 ... London Fashion Week. Newsletters. Sign up for WWD news straight to ...,wwd.com,20251110-165029
London,2024,SS,Mowalola RTW Spring 2024,https://wwd.com/runway/spring-2024/london/mowalola/review/,... Runway · London 2024 Spring Ready-to-Wear. Mowalola RTW Spring 2024 ... London Fashion Week · spring rtw. Newsletters. Sign up for WWD news ...,wwd.com,20251110-165029
London,2024,SS,David Koma RTW Spring 2024,https://wwd.com/runway/spring-2024/london/david-koma/review/,London Fashion Week coincides with the anniversary of Queen Elizabeth II's death last year. Georgian-born designer David Koma paid homage to ...,wwd.com,20251110-165029
London,2024,SS,The Vogue Business Spring/Summer 2024 size inclusivity ...,https://www.vogue.com/article/the-vogue-business-springsummer-2024-size-inclusivity-report,"While we don't currently have a size inclusivity charter for London Fashion Week schedule designers to sign, the BFC uses its platform to ...",vogue.com,20251110-165029
London,2024,SS,JW Anderson RTW Spring 2024,https://wwd.com/runway/spring-2024/london/jw-anderson/review/,"Anderson's was the first big show of London Fashion Week, and clearly the one to beat. Beauty Gallery 19 Photos.",wwd.com,20251110-165029
London,2024,FW,David Koma Fall 2024 Ready-to-Wear Collection,https://wwd.com/fashion-news/shows-reviews/gallery/david-koma-fall-2024-ready-to-wear-collection-1236198578/,"David Koma Fall 2024 ready-to-wear runway, fashion show & collection photos. Designed by David Koma at London Fashion Week, February 2024.",wwd.com,20251110-165029
London,2024,FW,Roksanda Fall 2024 Ready-to-Wear Collection,https://wwd.com/fashion-news/shows-reviews/gallery/roksanda-fall-2024-ready-to-wear-collection-1236197947/,"Roksanda Fall 2024 ready-to-wear runway, fashion show & collection photos. Designed by Roksanda Ilinčić at London Fashion Week, February 2024.",wwd.com,20251110-165029
London,2024,FW,Erdem Fall 2024 Ready-to-Wear Collection,https://wwd.com/fashion-news/shows-reviews/gallery/erdem-fall-2024-ready-to-wear-collection-1236198235/,"Erdem Fall 2024 ready-to-wear runway, fashion show & collection photos. Designed by Erdem Moralioglu at London Fashion Week, February 2024.",wwd.com,20251110-165029
London,2024,FW,Simone Rocha Fall 2024 Ready-to-Wear Collection,https://wwd.com/fashion-news/shows-reviews/gallery/simone-rocha-fall-2024-ready-to-wear-collection-1236198523/,"Simone Rocha Fall 2024 ready-to-wear runway, fashion show & collection photos. Designed by Simone Rocha at London Fashion Week, February 2024.",wwd.com,20251110-165029
London,2024,FW,Paolo Carzana Fall 2024 Ready-to-Wear Collection,https://wwd.com/fashion-news/shows-reviews/gallery/paolo-carzana-fall-2024-ready-to-wear-1236201147/,"Paolo Carzana Fall 2024 ready-to-wear runway, fashion show & collection photos. Designed by Paolo Carzana at London Fashion Week, February 2024.",wwd.com,20251110-165029
London,2024,FW,KNWLS Fall 2024 Ready-to-Wear Collection,https://wwd.com/fashion-news/shows-reviews/gallery/knwls-fall-2024-ready-to-wear-collection-1236201279/,"Fall 2024 ready-to-wear runway, fashion show & collection photos. Designed by Charlotte Knowles and Alexandre Arsenault at London Fashion Week, February 2024.",wwd.com,20251110-165029
London,2024,FW,Marques' Almeida Fall 2024 Ready-to-Wear Collection,https://wwd.com/fashion-news/shows-reviews/gallery/marques-almeida-fall-2024-ready-to-wear-collection-1236201362/,"Marques' Almeida Fall 2024 ready-to-wear runway, fashion show & collection photos. Designed by Marta Marques and Paulo Almeida at London Fashion Week, ...",wwd.com,20251110-165029
London,2024,FW,JW Anderson Fall 2024 Ready-to-Wear Collection,https://wwd.com/fashion-news/shows-reviews/gallery/j-w-anderson-fall-2024-ready-to-wear-collection-1236199255/,"JW Anderson Fall 2024 ready-to-wear runway, fashion show & collection photos. Designed by Jonathan Anderson at London Fashion Week, February 2024.",wwd.com,20251110-165029
London,2024,FW,Richard Quinn Fall 2024 Ready-to-Wear Collection,https://wwd.com/fashion-news/shows-reviews/gallery/richard-quinn-fall-2024-ready-to-wear-collection-1236198834/,"Richard Quinn Fall 2024 ready-to-wear runway, fashion show & collection photos. Designed by Richard Quinn at London Fashion Week, February 2024.",wwd.com,20251110-165029
London,2024,FW,London Top 10 Fall 2024 Fashion Shows,https://theimpression.com/london-top-10-fall-2024-fashion-shows/,London Top 10 Fall 2024 Fashion Shows. Kenneth Richard's Top Picks. This season of London Fashion Week marked the 40th anniversary of the event. The diverse ...,theimpression.com,20251110-165029
London,2025,SS,S.S. Daley Fall 2025 Ready-to-Wear Collection,https://wwd.com/fashion-news/shows-reviews/gallery/s-s-daley-fall-2025-ready-to-wear-collection-1236965129/,"S.S. Daley Fall 2025 ready-to-wear runway, fashion show & collection photos. Designed by Steven Stokey-Daley in London, UK, February 2025.",wwd.com,20251110-165029
London,2025,SS,KNWLS Spring 2025 Ready-To-Wear Collection [PHOTOS],https://wwd.com/fashion-news/shows-reviews/gallery/knwls-spring-2025-ready-to-wear-collection-1236619655/,KNWLS Spring 2025 Ready-To-Wear Collection. KNWLS Spring 2025 Ready-To-Wear Collection at London Fashion Week Image Credit: Courtesy of KNWLS.,wwd.com,20251110-165029
London,2025,SS,London Fashion Week cheat sheet: Spring/Summer 2025,https://www.vogue.com/article/london-fashion-week-cheat-sheet-spring-summer-2025,"London Fashion Week cheat sheet: Spring/Summer 2025 ... The shows, events and changes to note as London celebrates 40 years of fashion week.",vogue.com,20251110-165029
London,2025,SS,Richard Quinn Spring 2025 Ready-To-Wear Collection,https://wwd.com/fashion-news/shows-reviews/gallery/richard-quinn-spring-2025-ready-to-wear-collection-1236615830/,View the Richard Quinn Spring 2025 Ready-To-Wear Collection.,wwd.com,20251110-165029
London,2025,SS,2025 Spring Ready-to-Wear / London,https://wwd.com/runway/spring-2025/london/,... 2025 Spring Ready-to-Wear · Jenny Packham Spring 2025 Ready-to-Wear Collection · Paolo Carzana Spring 2025 Ready-To-Wear Collection at London Fashion Week.,wwd.com,20251110-165029
London,2025,SS,"S.S. Daley Fall 2025: Grab Your Coat, and Get Your Hat",https://wwd.com/runway/fall-2025/london/ss-daley/review/,"S.S. Daley Fall 2025 ready to wear runway, fashion show ... London Fashion Week. Newsletters. Sign up for WWD news straight to ...",wwd.com,20251110-165029
London,2025,SS,Top 10 Shows of London Fashion Week Fall 2025,https://theimpression.com/top-10-shows-of-london-fashion-week-fall-2025/,Top 10 Shows of London Fashion Week Fall 2025 · 1 – Erdem · 2 – Burberry · 3 – Simone Rocha · 4 – Dilara Findikoglu · 5 – S.S. Daley · 6 – Richard Quinn · 7 – Roksanda.,theimpression.com,20251110-165029
London,2025,SS,2025 Spring Ready-to-Wear - Runway,https://wwd.com/runway/spring-2025/all/page/34/,"... London Fashion Week · London 2025 Spring Ready-to-Wear · Chet Lo Spring 2025 ... S.S. Daley Nails His Fresh, Gluck-inspired, Women's Debut for Spring 2025.",wwd.com,20251110-165029
London,2025,SS,London Fashion Week cheat sheet: Autumn/Winter 2025,https://www.vogue.com/article/london-fashion-week-cheat-sheet-autumn-winter-2025,London Fashion Week (LFW) kicks off on Thursday with a slimmer season after a number of brands have dropped out or changed formats last minute.,vogue.com,20251110-165029
London,2025,SS,London Top 10 Spring 2025 Fashion Shows,https://theimpression.com/london-top-10-spring-2025-fashion-shows/,"The Impression's EIC, Kenneth Richard, selects the London Top 10 Spring 2025 Fashion Shows from London Fashion Week, including JW Anderson, Erdem, and Simone",theimpression.com,20251110-165029
London,2025,FW,SRVC Fall 2025 Ready-to-Wear Collection,https://wwd.com/fashion-news/shows-reviews/gallery/srvc-fall-2025-ready-to-wear-collection-1236968369/,"SRVC Fall 2025 ready-to-wear runway, fashion show & collection photos. Designed by Ricky Harriott in London, UK, February 2025.",wwd.com,20251110-165029
London,2025,FW,Conner Ives Fall 2025 Ready-to-Wear Collection,https://wwd.com/fashion-news/shows-reviews/gallery/conner-ives-fall-2025-ready-to-wear-collection-1236979251/,"Conner Ives Fall 2025 fashion show & collection photos. Designed by Conner Ives in London, UK, February 2025.",wwd.com,20251110-165029
London,2025,FW,S.S. Daley Fall 2025 Ready-to-Wear Collection,https://wwd.com/fashion-news/shows-reviews/gallery/s-s-daley-fall-2025-ready-to-wear-collection-1236965129/,"S.S. Daley Fall 2025 ready-to-wear runway, fashion show & collection photos. Designed by Steven Stokey-Daley in London, UK, February 2025.",wwd.com,20251110-165029
London,2025,FW,Burberry Fall 2025 Ready-to-Wear Collection,https://wwd.com/fashion-news/shows-reviews/gallery/burberry-fall-2025-ready-to-wear-collection-1236981128/,... Burberry Fall 2025 ...,wwd.com,20251110-165029
London,2025,FW,London Fashion Week cheat sheet: Autumn/Winter 2025,https://www.vogue.com/article/london-fashion-week-cheat-sheet-autumn-winter-2025,London Fashion Week (LFW) kicks off on Thursday with a slimmer season after a number of brands have dropped out or changed formats last minute.,vogue.com,20251110-165029
London,2025,FW,Ashish Fall 2025 Ready-to-Wear Collection,https://wwd.com/fashion-news/shows-reviews/gallery/ashish-fall-2025-ready-to-wear-collection-1236980066/,"Ashish Fall 2025 ready-to-wear fashion show & collection photos. Designed by Ashish Gupta in London, UK, February 2025.",wwd.com,20251110-165029
London,2025,FW,Huishan Zhang Fall 2025 Ready-to-Wear Collection,https://wwd.com/fashion-news/shows-reviews/gallery/huishan-zhang-fall-2025-ready-to-wear-collection-1236968444/,"Huishan Zhang Fall 2025 ready-to-wear runway, fashion show & collection photos. Designed by Huishan Zhang in London, UK, February 2025.",wwd.com,20251110-165029
London,2025,FW,Simone Rocha Fall 2025 Ready-to-Wear Collection,https://wwd.com/fashion-news/shows-reviews/gallery/simone-rocha-fall-2025-ready-to-wear-collection-1236970514/,"Simone Rocha Fall 2025 ready-to-wear runway, fashion show & collection photos. Designed by Simone Rocha in London, UK, February 2025.",wwd.com,20251110-165029
London,2025,FW,Charlie Constantinou Fall 2025 Ready-to-Wear Collection,https://wwd.com/fashion-news/shows-reviews/gallery/charlie-constantinou-fall-2025-ready-to-wear-collection-1236968315/,"Charlie Constantinou Fall 2025 ready-to-wear runway, fashion show & collection photos. Designed by Charlie Constantinou in London, UK, February 2025.",wwd.com,20251110-165029
London,2025,FW,Dilara Findikoglu Fall 2025 Ready-to-Wear Collection,https://wwd.com/fashion-news/shows-reviews/gallery/dilara-findikoglu-fall-2025-ready-to-wear-collection-1236967099/,"Dilara Findikoglu Fall 2025 ready-to-wear runway, fashion show & collection photos. Designed by Dilara Findikoglu in London, UK, February 2025.",wwd.com,20251110-165029
Seoul,2024,SS,The Best Street Style Photos From the Spring 2024 Shows ...,https://www.vogue.com/slideshow/the-best-street-style-photos-spring-2024-shows-in-seoul,"... Seoul Fashion Week and the Frieze Art Fair. From September 5 to 9, visitors will be attending runway shows and art exhibitions by day and ...",vogue.com,20251110-165029
Seoul,2024,SS,Seoul Fashion Week Faces Growing Pains,https://wwd.com/fashion-news/fashion-features/seoul-fashion-week-fall-2024-roundup-1236182620/,South Korean supermodel Yoon Young Bae and models walk the finale of Maison Nica's fall 2024 runway show during Seoul Fashion Week. Getty ...,wwd.com,20251110-165029
Seoul,2024,SS,We11done Spring 2024 Ready-to-Wear Collection,https://www.vogue.com/fashion-shows/spring-2024-ready-to-wear/we11done,"We11done Spring 2024 Ready-to-Wear collection, runway looks, beauty, models, and reviews ... Seoul Fashion Week and Frieze Seoul are converging ...",vogue.com,20251110-165029
Seoul,2024,SS,"Seoul Fashion Week Showcases New Talent, Programs",https://wwd.com/fashion-news/designer-luxury/seoul-fashion-week-spring-2025-roundup-1236627331/,"Seoul Fashion Week's runway lineup of 21 local brands included six debuts: Duckdive, L'Eau et, Arts de Base, Kelly Shin, Cokie and ...",wwd.com,20251110-165029
Seoul,2024,SS,"Fashion Week, Runway, Designer Collections",https://www.vogue.com/fashion-shows,See the Best Street Style Photos at the Spring 2026 Shows in Shanghai. icon. Runway ... Seoul Fashion Week. Photography by Young Chul Kim. Goddag! The Best Street ...,vogue.com,20251110-165029
Seoul,2024,SS,"Seoul Fashion, News, Photos and Videos",https://www.vogue.com/tag/city/seoul,"The Best Street Style Photos From the Spring 2024 Shows in Seoul ... The Best Street Style From Seoul Fashion Week Spring 2019. October 22, 2018 ...",vogue.com,20251110-165029
Seoul,2024,SS,Street Style: The Best Looks from Around the World | Page 7,https://www.vogue.com/fashion/street-style?page=7,10 Menswear Street Style Trends From the Spring 2024 Shows for Your Very Own Hot Boy Summer ... Uniform Dressing Ruled at Tokyo and Seoul Fashion Week. Runway ...,vogue.com,20251110-165029
Seoul,2024,SS,NewJeans Dons Distressed Miniskirts and Camo for Seoul ...,https://wwd.com/pop-culture/celebrity-news/newjeans-ulkin-seoul-fashion-week-1235785999/,"As the Seoul Fashion Week ambassadors, K-pop group NewJeans attended the Ul:kin fashion show on Sept. 5 in distressed miniskirts and black boots",wwd.com,20251110-165029
Seoul,2024,SS,Street Style: The Best Looks from Around the World,https://www.vogue.com/fashion/street-style,"Runway. Hats, Plaids, and Lots of Denim!—The Best Street Style From Seoul Fashion Week. This Is What New York Fashion Week Street Style Looked Like 10 Years ...",vogue.com,20251110-165029
Seoul,2024,FW,The Best Street Style Photos From the Spring 2024 Shows ...,https://www.vogue.com/slideshow/the-best-street-style-photos-spring-2024-shows-in-seoul,"... Seoul Fashion Week and the Frieze Art Fair. From September 5 to 9, visitors will be attending runway shows and art exhibitions by day and ...",vogue.com,20251110-165029
Seoul,2024,FW,"Seoul Fashion Week Showcases New Talent, Programs",https://wwd.com/fashion-news/designer-luxury/seoul-fashion-week-spring-2025-roundup-1236627331/,Seoul Fashion Week's runway lineup ... This is an uptick from $5.63 million recorded in Seoul Fashion Week's fall 2024 edition in February.,wwd.com,20251110-165029
Seoul,2024,FW,"Fashion Week, Runway, Designer Collections",https://www.vogue.com/fashion-shows,"Runway. Hats, Plaids, and Lots of Denim!—The Best Street Style From Seoul Fashion Week. Photography by Young Chul Kim. Goddag! The Best Street Style From the ...",vogue.com,20251110-165029
Seoul,2024,FW,Street Style: The Best Looks from Around the World,https://www.vogue.com/fashion/street-style,"Runway. Hats, Plaids, and Lots of Denim!—The Best Street Style From Seoul Fashion Week. This Is What New York Fashion Week Street Style Looked Like 10 Years ...",vogue.com,20251110-165029
Seoul,2024,FW,Seoul Fashion Week Shows Off Styles From Hip-Hop to ...,https://wwd.com/fashion-news/designer-luxury/feature/seoul-fashion-week-shows-off-styles-from-hip-hop-to-cartoons-10857450/,Seoul Fashion Week Shows Off Styles From Hip-Hop to Cartoons. The ... Awar Odhiang on the runway at the Chanel fashion show as part of spring 2026 ...,wwd.com,20251110-165029
Seoul,2025,SS,"Seoul Fashion Week Showcases New Talent, Programs",https://wwd.com/fashion-news/designer-luxury/seoul-fashion-week-spring-2025-roundup-1236627331/,"Seoul Fashion Week's runway lineup of 21 local brands included six debuts: Duckdive, L'Eau et, Arts de Base, Kelly Shin, Cokie and Phenomenon ...",wwd.com,20251110-165029
Seoul,2025,SS,Ulkin Spring 2025 Fashion Show,https://theimpression.com/ulkin-spring-2025-fashion-show/,Get an exclusive look at Ulkin's Spring 2025 fashion show from the runways of Seoul Fashion Week.,theimpression.com,20251110-165029
Seoul,2025,SS,The Best Street Style From Seoul Fashion Week,https://www.vogue.com/slideshow/the-best-street-style-from-seoul-fashion-week-spring-2026,"Runway. The Best Street Style From Seoul Fashion Week. Photography by Young Chul Kim. September 8, 2025. Hats Plaids and Lots of Denim—The Best ...",vogue.com,20251110-165029
Seoul,2025,SS,Julycolumn Spring 2025 Fashion Show,https://theimpression.com/julycolumn-spring-2025-fashion-show/,Get an exclusive look at Julycolumn's Spring 2025 fashion show from the runways of Seoul Fashion Week.,theimpression.com,20251110-165029
Seoul,2025,SS,Seoul Fashion Week,https://www.vogue.com/tag/event/seoul-fashion-week,"Hats, Plaids, and Lots of Denim!—The Best Street Style From Seoul Fashion Week. Photography by Young Chul Kim. September 8, 2025 ; 5 Designers to Know From Seoul ...",vogue.com,20251110-165029
Seoul,2025,SS,"Fashion Week, Runway, Designer Collections",https://www.vogue.com/fashion-shows,See the Best Street Style Photos at the Spring 2026 Shows in Shanghai. icon. Runway ... Seoul Fashion Week. Photography by Young Chul Kim. Goddag! The Best Street ...,vogue.com,20251110-165029
Seoul,2025,SS,Seoul Fashion Week Faces Growing Pains,https://wwd.com/fashion-news/fashion-features/seoul-fashion-week-fall-2024-roundup-1236182620/,Seoul Fashion Week expanded in terms of venue but presented the shortest lineup in its history with just 21 brands.,wwd.com,20251110-165029
Seoul,2025,SS,"Seoul Fashion, News, Photos and Videos",https://www.vogue.com/tag/city/seoul,"Seoul's Best Street Style Photos from the Spring 2025 Shows. Photography ... The Best Street Style From Seoul Fashion Week Spring 2019. October 22, 2018 ...",vogue.com,20251110-165029
Seoul,2025,SS,"Seoul Fashion Week Delivers Goth, K-Pop Stars",https://wwd.com/fashion-news/designer-luxury/feature/seoul-fashion-week-delivers-goth-k-pop-stars-10689408/,"Seoul Fashion Week capped its six-day run on Saturday, delivering clothes with a somber mood, featuring Gothic themes, dark colors and a heavy use of mesh ...",wwd.com,20251110-165029
Seoul,2025,FW,"Seoul Fashion Week Showcases New Talent, Programs",https://wwd.com/fashion-news/designer-luxury/seoul-fashion-week-spring-2025-roundup-1236627331/,"Seoul Fashion Week's runway lineup of 21 local brands included six debuts: Duckdive, L'Eau et, Arts de Base, Kelly Shin, Cokie and Phenomenon ...",wwd.com,20251110-165029
Seoul,2025,FW,Seoul Fashion Week,https://www.vogue.com/tag/event/seoul-fashion-week,"Hats, Plaids, and Lots of Denim!—The Best Street Style From Seoul Fashion Week. Photography by Young Chul Kim. September 8, 2025 ; 5 Designers to Know From Seoul ...",vogue.com,20251110-165029
Seoul,2025,FW,The Best Street Style From Seoul Fashion Week,https://www.vogue.com/slideshow/the-best-street-style-from-seoul-fashion-week-spring-2026,"Runway. The Best Street Style From Seoul Fashion Week. Photography by Young Chul Kim. September 8, 2025. Hats Plaids and Lots of Denim—The Best Street Style ...",vogue.com,20251110-165029
Seoul,2025,FW,Phenomenon Seeper Spring 2025 Fashion Show,https://theimpression.com/phenomenon-seeper-spring-2025-fashion-show/,Get an exclusive look at Phenomenon Seeper's Spring 2025 fashion show from the runways of Seoul Fashion Week.,theimpression.com,20251110-165029
Seoul,2025,FW,"Fashion Week, Runway, Designer Collections",https://www.vogue.com/fashion-shows,"Runway. Hats, Plaids, and Lots of Denim!—The Best Street Style From Seoul Fashion Week. Photography by Young Chul Kim. Goddag! The Best Street Style From the ...",vogue.com,20251110-165029
Seoul,2025,FW,Seoul Fashion Week Shows Off Styles From Hip-Hop to ...,https://wwd.com/fashion-news/designer-luxury/feature/seoul-fashion-week-shows-off-styles-from-hip-hop-to-cartoons-10857450/,Seoul Fashion Week Shows Off Styles From Hip-Hop to Cartoons. The ... Awar Odhiang on the runway at the Chanel fashion show as part of spring 2026 ...,wwd.com,20251110-165029
Seoul,2025,FW,They Are Wearing: Seoul Fashion Week [PHOTOS],https://wwd.com/fashion-news/other/gallery/they-are-wearing-seoul-fashion-week-10689658/,... Seoul Fashion Week [PHOTOS]. Street Style at Seoul Fashion Week ... A$AP Rocky poses with the Fashion Icon Award at the 2025 CFDA Fashion Awards ...,wwd.com,20251110-165029
Seoul,2025,FW,Street Style: The Best Looks from Around the World,https://www.vogue.com/fashion/street-style,"Runway. Hats, Plaids, and Lots of Denim!—The Best Street Style From Seoul Fashion Week. This Is What New York Fashion Week Street Style Looked Like 10 Years ...",vogue.com,20251110-165029
Seoul,2025,FW,Our Best Street Style Snaps From Seoul Fashion Week,https://www.vogue.com/slideshow/seoul-fashion-week-street-style-fall-2017,"Seoul Fashion Week is a bright spot on the street style calendar. In fact, the South Korean capital's street style might just be our favorite here at the Vogue ...",vogue.com,20251110-165029
Tokyo,2024,SS,Shoop Tokyo Spring 2024 Collection,https://www.vogue.com/fashion-shows/tokyo-spring-2024/shoop,"Sanz's Spanish influence brings a freshness to the Tokyo Fashion Week calendar, with Oki's Japanese heritage simultaneously providing a foun...",vogue.com,20251110-165029
Tokyo,2024,SS,"Fashion Week, Runway, Designer Collections",https://www.vogue.com/fashion-shows,"Runway. Next-Level Layering and Manga-Style Makeup Can Mean Only One Thing: It's Tokyo Fashion Week. Photography by Momo Angela. Hats, Plaids, and Lots of ...",vogue.com,20251110-165029
Tokyo,2024,SS,Fetico Tokyo Spring 2026 Collection,https://www.vogue.com/fashion-shows/tokyo-spring-2026/fetico,"Fetico Tokyo Spring 2026 collection, runway looks, beauty, models, and reviews ... Tokyo Fashion Week's official sponsor. It w... more. 01. Look 1.",vogue.com,20251110-165029
Tokyo,2024,SS,Fashion Week Tokyo,https://www.vogue.com/tag/misc/fashion-week-tokyo,"Fashion Week Tokyo ; The Best Street Style From Tokyo Fashion Week Spring '18. October 23, 2017 ; Tokyo Fashion Week Is Making Itself Great Again. By Monica Kim.",vogue.com,20251110-165029
Tokyo,2024,SS,Khoki Spring 2025 Fashion Show,https://theimpression.com/khoki-spring-2025-fashion-show/,"Khoki Spring 2025 RTW Collection Fashion Show from Tokyo Fashion Week (Aug 2024). Ready-to-Wear runway photos, models, womenswear collection.",theimpression.com,20251110-165029
Tokyo,2024,SS,Eyes on the Prize,https://wwd.com/fashion-news/fashion-features/eyes-on-the-prize-1611051/,"... Tokyo Fashion Week. While the brand is based in Berlin, Schorn lives in Rheydt in western Germany. They coordinate through meetings and over the Web ...",wwd.com,20251110-165029
Tokyo,2024,SS,2017 Spring Ready-to-Wear – Page 2,https://wwd.com/runway/spring-ready-to-wear-2017/page/2/,"... Runway. View By. Season Season. Season, 2026 Spring Ready ... Yoshikimono Spring 2017 RTW · Dressedundressed RTW Spring 2017 Tokyo Fashion Week · Tokyo 2017 ...",wwd.com,20251110-165029
Tokyo,2024,SS,Tokyo Spring 2017 Trend: Punk [PHOTOS],http://wwd.com/fashion-news/trends/gallery/tokyo-spring-2017-trend-punk-10689799/#!5/dressedundressed-rtw-spring-2017-17,Spring 2017 · Tokyo Fashion Week.,wwd.com,20251110-165029
Tokyo,2024,SS,2019 Spring Ready-to-Wear – Page 4,https://wwd.com/runway/spring-ready-to-wear-2019/all/page/4/,Street style at Tokyo Fashion Week Spring 2019. Tokyo 2019 Spring Ready-to-Wear · They Are Wearing: Tokyo Fashion Week Spring 2019.,wwd.com,20251110-165029
Tokyo,2024,FW,Mikio Sakabe - Tokyo Fall 2024,https://www.vogue.com/fashion-shows/tokyo-fall-2024/mikio-sakabe,"Mikio Sakabe Tokyo Fall 2024 collection, runway looks, beauty, models, and reviews ... Showing on the official Tokyo Fashion Week calendar for the ...",vogue.com,20251110-165029
Tokyo,2024,FW,Masu Tokyo Fall 2024 Collection,https://www.vogue.com/fashion-shows/tokyo-fall-2024/masu,"Masu Tokyo Fall 2024 collection, runway looks, beauty, models, and reviews ... Officially opening Tokyo Fashion Week with a screening of a film of ...",vogue.com,20251110-165029
Tokyo,2024,FW,Tokyo Street Style Proves Attitude is the Best Accessory,https://www.vogue.com/slideshow/the-best-tokyo-street-style-photos-from-the-fall-2024-shows,The international fashion tour continues with Tokyo Fashion Week. See Momo Angela's best street style photos here.,vogue.com,20251110-165029
Tokyo,2024,FW,Rainmaker Fall 2024 Fashion Show,https://theimpression.com/rainmaker-fall-2024-fashion-show/,Rainmaker Fall 2024 Fashion Show from Tokyo Fashion Week (March 2024). Share. Related. Vivienne Westwood Spring 2026 RTW Collection · Vivienne Westwood.,theimpression.com,20251110-165029
Tokyo,2024,FW,Tokyo Fashion Week,https://theimpression.com/fashion-shows/tokyo/,"Tokyo Fashion Shows from Tokyo Fashion Week. Latest runway show coverage of Women's and Men's designer fashion collections, photos, backstage, accessories, ...",theimpression.com,20251110-165029
Tokyo,2024,FW,The 25 Craziest Shoes to Ever Hit the Runway,https://wwd.com/footwear-news/shoe-features/lists/weird-shoes-on-the-runway-1237703655/,Mikio Sakabe debuted his fall 2024 collection during Tokyo Fashion Week. ... Noir Kei Ninomiya x Reebok — Fall 2024. Model on the runway at ...,wwd.com,20251110-165029
Tokyo,2024,FW,"Fashion Week, Runway, Designer Collections",https://www.vogue.com/fashion-shows,"Runway. Next-Level Layering and Manga-Style Makeup Can Mean Only One Thing: It's Tokyo Fashion Week. Photography by Momo Angela. Hats, Plaids, and Lots of ...",vogue.com,20251110-165029
Tokyo,2024,FW,"Tokyo Fashion, News, Photos and Videos",https://www.vogue.com/tag/city/tokyo-japan,The Best Street Style Photos From the Spring 2024 Shows in Tokyo ... Can Tokyo Fashion Week get back on track?,vogue.com,20251110-165029
Tokyo,2024,FW,Three takeaways from Tokyo Fashion Week,https://www.vogue.com/article/three-takeaways-from-tokyo-fashion-week,Tokyo Fashion Week maintained momentum with a slimmed-down but mighty schedule that proved it to be an increasingly formidable fashion incubator ...,vogue.com,20251110-165029
Tokyo,2025,SS,5 key takeaways from Tokyo Fashion Week SS26,https://www.vogue.com/article/5-key-takeaways-from-tokyo-fashion-week-ss26,5 key takeaways from Tokyo Fashion Week SS26. Organisers marked the event's 20th anniversary by stripping out digital shows in an effort to push ...,vogue.com,20251110-165029
Tokyo,2025,SS,House Of Muamua,https://theimpression.com/house-of-muamua-spring-2025-fashion-show/,Spring 2025 Fashion Show. All Seasons. Get an exclusive look at House Of Muamua's Spring 2025 fashion show from the runways of Tokyo Fashion Week.,theimpression.com,20251110-165029
Tokyo,2025,SS,Khoki Spring 2025 Fashion Show,https://theimpression.com/khoki-spring-2025-fashion-show/,"Khoki Spring 2025 RTW Collection Fashion Show from Tokyo Fashion Week (Aug 2024). Ready-to-Wear runway photos, models, womenswear collection.",theimpression.com,20251110-165029
Tokyo,2025,SS,Shinyakozuka Spring 2025 Fashion Show Atmosphere,https://theimpression.com/shinyakozuka-spring-2025-fashion-show-atmosphere/,"See Shinyakozuka's Spring 2025 Fashion Show set, staging, and atmosphere from Tokyo Fashion Week (Sept 2024). Womenswear runway, models.",theimpression.com,20251110-165029
Tokyo,2025,SS,"Fashion Week, Runway, Designer Collections",https://www.vogue.com/fashion-shows,"Runway. Next-Level Layering and Manga-Style Makeup Can Mean Only One Thing: It's Tokyo Fashion Week. Photography by Momo Angela. Hats, Plaids, and Lots of ...",vogue.com,20251110-165029
Tokyo,2025,SS,The Best Street Style Photos From the Spring 2026 Shows ...,https://www.vogue.com/slideshow/the-best-street-style-photos-from-the-spring-2026-shows-in-tokyo,A new edition of Tokyo Fashion Week gives us another chance to check in on some of the world's most fashionable denizens. This season we're ...,vogue.com,20251110-165029
Tokyo,2025,SS,Fetico Tokyo Spring 2026 Collection,https://www.vogue.com/fashion-shows/tokyo-spring-2026/fetico,"Fetico Tokyo Spring 2026 collection, runway looks, beauty, models, and reviews ... Tokyo Fashion Week's official sponsor. It w... more. 01. Look 1.",vogue.com,20251110-165029
Tokyo,2025,SS,Fashion Week Tokyo,https://www.vogue.com/tag/misc/fashion-week-tokyo,"Fashion Week Tokyo ; The Best Street Style From Tokyo Fashion Week Spring '18. October 23, 2017 ; Tokyo Fashion Week Is Making Itself Great Again. By Monica Kim.",vogue.com,20251110-165029
Tokyo,2025,SS,Mukcyen Tokyo Spring 2026 Collection,https://www.vogue.com/fashion-shows/tokyo-spring-2026/mukcyen,"Mukcyen Tokyo Spring 2026 collection, runway looks, beauty, models, and reviews ... The buzziest womenswear debut on Tokyo Fashion Week's slimmed ...",vogue.com,20251110-165029
Tokyo,2025,FW,Tokyo Fashion Week,https://theimpression.com/fashion-shows/tokyo/,"Tokyo Fashion Shows from Tokyo Fashion Week. Latest runway show coverage of Women's and Men's designer fashion collections, photos, backstage, accessories, ...",theimpression.com,20251110-165029
Tokyo,2025,FW,"From Tokyo, With Love—See the Best Street Style Photos ...",https://www.vogue.com/slideshow/see-the-best-photos-from-the-fall-2025-shows,"From Tokyo, With Love—See the Best Street Style Photos From the Fall 2025 Tokyo Fashion Week Shows. Photography by Momo Angela. March 23, 2025.",vogue.com,20251110-165029
Tokyo,2025,FW,Satoru Sasaki Fall 2025 Fashion Show,https://theimpression.com/satoru-sasaki-fall-2025-fashion-show/,Get an exclusive look at Satoru Sasaki's Fall 2025 fashion show from the runways of Tokyo Fashion Week. Satoru Sasaki Fall 2025 Fashion Show ...,theimpression.com,20251110-165029
Tokyo,2025,FW,"Fashion Week, Runway, Designer Collections",https://www.vogue.com/fashion-shows,"Runway. Next-Level Layering and Manga-Style Makeup Can Mean Only One Thing: It's Tokyo Fashion Week. Photography by Momo Angela. Hats, Plaids, and Lots of ...",vogue.com,20251110-165029
Tokyo,2025,FW,Takahiro Miyashita Departs The Soloist With Fall 2025 ...,https://wwd.com/fashion-news/fashion-scoops/takahiro-miyashita-leaves-the-soloist-final-collection-1237997030/,"With The Soloist, he held a series of striking runway shows at Tokyo Fashion Week, Pitti Uomo in Milan and Paris Fashion Week over the years.",wwd.com,20251110-165029
Tokyo,2025,FW,Murral,https://theimpression.com/murral-spring-2025-fashion-show/,Get an exclusive look at Murral's Spring 2025 fashion show from the runways of Tokyo Fashion Week.,theimpression.com,20251110-165029
Tokyo,2025,FW,Stein Spring 2025 Fashion Show,https://theimpression.com/stein-spring-2025-fashion-show/,"Stein Spring 2025 RTW Collection Fashion Show from Tokyo Fashion Week (July 2024). Ready-to-Wear runway photos, models, womenswear collection.",theimpression.com,20251110-165029
Tokyo,2025,FW,Fashion Week Tokyo,https://www.vogue.com/tag/misc/fashion-week-tokyo,"Fashion Week Tokyo ; The Best Street Style From Tokyo Fashion Week Spring '18. October 23, 2017 ; Tokyo Fashion Week Is Making Itself Great Again. By Monica Kim.",vogue.com,20251110-165029
Tokyo,2025,FW,"Fashion Week, Runway, Designer Collections | Page 47",https://www.vogue.com/fashion-shows?page=47,"... Fall 2025. icon. Runway · From Tokyo, With Love—See the Best Street Style Photos From the Fall 2025 Tokyo Fashion Week Shows. Photography by Momo Angela. Tamme.",vogue.com,20251110-165029
Tokyo,2025,FW,"Undercover News, Collections, Fashion Shows ...",https://www.vogue.com/fashion-shows/designer/undercover,Runway · *Stranger Things's* Sadie Sink Takes a Runway Turn at Undercover. By Steff Yotka. Tokyo Fashion Week's Biggest Party Belonged to Sacai x Undercover.,vogue.com,20251110-165029
