color_hex,count
#0a0a0a,11
#06070a,9
#0f0f0f,8
#090a0c,7
#0a0714,7
#030406,7
#07090b,6
#060606,6
#060707,6
#050608,5
#aaa69f,5
#0d0b09,5
#030303,5
#8e8485,5
#0b0b0b,5
#080908,5
#040404,5
#06060e,4
#0c0d0f,4
#2a1f19,4
#7d7169,4
#7a6a67,4
#3c3e3c,4
#d3c1b4,4
#beb6ac,4
#aa9183,4
#121013,4
#10120f,4
#f6fbfe,4
#13191e,4
#0b0a0c,3
#0b0809,3
#3c3129,3
#1053c6,3
#3e4246,3
#433939,3
#e4e7e6,3
#c0c7cf,3
#bec4c9,3
#130e19,3
#12181e,3
#09060a,3
#544d53,3
#110f0f,3
#101010,3
#161110,3
#171312,3
#0f0a09,3
#eaeaea,3
#dbccb8,3
#191312,3
#cecad3,3
#0e1013,3
#0d0f0f,3
#dad8db,3
#1a1b1c,3
#0d1214,3
#d7cfc9,3
#ebe7e4,3
#ccaeb0,3
#a3acb5,3
#75685b,3
#f3f0f7,3
#a197a9,3
#929298,3
#f3e6e3,3
#7f1516,3
#020305,3
#ae8b72,3
#988e80,3
#abbbda,3
#120e0b,3
#020202,3
#989bac,3
#9d9d9d,3
#010506,3
#9c8e86,3
#69564b,3
#060b0c,3
#a39d97,2
#191113,2
#a2b6c3,2
#8a7976,2
#dccdc7,2
#dbbfac,2
#a5a8a7,2
#a6a8a2,2
#d8dde0,2
#909a98,2
#d6d2cb,2
#1d1a17,2
#1e1314,2
#d4c4a6,2
#816143,2
#e6e7eb,2
#121212,2
#999894,2
#13121a,2
#131519,2
#9da09f,2
#13161b,2
#978c97,2
#140a0f,2
#141719,2
#9e9593,2
#e2e2e2,2
#171516,2
#150502,2
#e2e1df,2
#151515,2
#e1d8cc,2
#161018,2
#93897b,2
#161b1d,2
#1f1715,2
#dde0e1,2
#171619,2
#dcdedb,2
#181310,2
#a05742,2
#c7c6c4,2
#403935,2
#aeafb1,2
#c5c489,2
#aeb3b5,2
#c5ae9b,2
#c2c3ca,2
#4d4440,2
#4e4c50,2
#50382d,2
#706f66,2
#d0c7bf,2
#bea99e,2
#b0adb1,2
#541a1b,2
#6b6e59,2
#564f59,2
#575458,2
#baacab,2
#baa28f,2
#5b5d57,2
#626254,2
#b3afa0,2
#b2b7b6,2
#b08b86,2
#ab968a,2
#d2d6d9,2
#d1d2d4,2
#cfd1ce,2
#281d20,2
#282219,2
#acaeae,2
#cdcecc,2
#cdbea8,2
#ad9588,2
#312f2e,2
#766e8d,2
#ccb49f,2
#7a4e37,2
#cacbcd,2
#392f29,2
#ae9780,2
#c9cac6,2
#3b2a27,2
#ae999e,2
#aeaeb8,2
#c8b38d,2
#3d3d40,2
#3e2d42,2
#ccc8c5,2
#100f0d,2
#03060a,2
#03080e,2
#100b0f,2
#0f1416,2
#021617,2
#ececec,2
#f0efed,2
#05070c,2
#014fc6,2
#090906,2
#e9ebeb,2
#050e14,2
#ece8e5,2
#0d0202,2
#fefefe,2
#06090d,2
#0d0709,2
#08171b,2
#eaeaf4,2
#0d0a0d,2
#0e0f0d,2
#0d0b06,2
#f0f2ef,2
#0d0d0d,2
#07060c,2
#080c11,2
#071017,2
#080b07,2
#0d1015,2
#080705,2
#000405,2
#f5f3f9,2
#0a0b0d,2
#0a080b,2
#0a0202,2
#0a0d0d,2
#120c12,2
#111014,2
#f7fbfc,2
#e8dfcb,2
#f0f2f3,1
#c5c6ca,1
#b9b3ad,1
#baaa99,1
#bbcff7,1
#c5c5cb,1
#bab09f,1
#f0f0f0,1
#c5b19d,1
#bbb3a9,1
#babbbc,1
#c4cbea,1
#c4d8dc,1
#bab7bc,1
#ba793e,1
#b3b0a9,1
#f0f6fa,1
#b3b3a3,1
#c6bfb7,1
#b4876c,1
#b4aea8,1
#b4b4b4,1
#b5aca7,1
#b5b4bc,1
#b69587,1
#b9ada0,1
#b7ac9c,1
#b7b8bc,1
#b8bbbc,1
#b8bcd1,1
#b9a89a,1
#b9a9ab,1
#c6b9b1,1
#b9aaa2,1
#c4c7c6,1
#b9b1a5,1
#b6a999,1
#effad4,1
#f0eeea,1
#bf5e52,1
#bfada6,1
#bfbcbb,1
#bfc3c4,1
#c2c0ba,1
#f0eee4,1
#c2baa8,1
#c4c3c5,1
#bfc8c8,1
#c1dbe4,1
#c1c9e9,1
#c0ad9a,1
#f0e7e1,1
#f0e4e9,1
#c1b1a7,1
#c1a18f,1
#c1a78b,1
#c1aea4,1
#bfc5e8,1
#bc8f7a,1
#bcbcc2,1
#bcc4c2,1
#c4bfc6,1
#c4b0a4,1
#f0f0d7,1
#c4ae9c,1
#f0eff1,1
#bd997d,1
#bdb6b4,1
#becee9,1
#bdb9c2,1
#c3c2ca,1
#c3b9b0,1
#beb3a0,1
#beb5a9,1
#c2cab0,1
#c2c9d2,1
#bebebe,1
#f0eef7,1
#bec7d7,1
#c3c5cb,1
#a27c6b,1
#f4f3f8,1
#a29fa4,1
#a2a19f,1
#a35740,1
#f4efe0,1
#a39a87,1
#a39ca3,1
#a3b9ce,1
#a4988a,1
#a4a09f,1
#c6bbb0,1
#a4b8c5,1
#a5907f,1
#a59b8c,1
#a5a4a6,1
#020f0d,1
#a79085,1
#a7abae,1
#a99384,1
#a99d8f,1
#020409,1
#a9a196,1
#a4a7a8,1
#9d4045,1
#9d8074,1
#9d8170,1
#f7faf9,1
#9d8273,1
#f7f7fb,1
#f6f9f8,1
#f6f7f9,1
#9e8c82,1
#f5f8f3,1
#f5f6f8,1
#a19d9a,1
#9e9892,1
#9f8c85,1
#9fa9ba,1
#f5f4f0,1
#a07f6c,1
#a099a0,1
#a09f9a,1
#a0a3aa,1
#f5f3f6,1
#a19484,1
#f4f8f9,1
#f4f5f7,1
#f5f5f5,1
#f3f1ee,1
#afa9a1,1
#afadb3,1
#b08b75,1
#f2f3f4,1
#f2f2fc,1
#b0ac9d,1
#b0aca9,1
#b0afb3,1
#b0bfbf,1
#b1a79e,1
#aa9c8a,1
#f1f7fc,1
#b1a9b1,1
#b1adae,1
#b1aeb2,1
#b1b7b8,1
#b1c6ec,1
#b2967f,1
#f1f7f8,1
#b2a8b6,1
#b2b5bb,1
#b3a496,1
#b1a8a1,1
#aaa6a3,1
#01050b,1
#aba299,1
#abacb4,1
#000a0f,1
#abc9fd,1
#ac989d,1
#ac9b81,1
#000204,1
#ad9185,1
#000202,1
#aeb0b3,1
#ad9788,1
#ada398,1
#ae8684,1
#000000,1
#ae9689,1
#f4ebde,1
#f3f4f6,1
#aea69d,1
#aeaaa7,1
#f3f3ed,1
#f3f2fa,1
#f3f2f1,1
#000102,1
#dbdcd7,1
#dbdcde,1
#dbddd6,1
#dbddda,1
#dbdfe6,1
#dcc6b5,1
#eae1d5,1
#e9eef1,1
#dcdbd9,1
#e9ece5,1
#dce2e2,1
#9c9d9f,1
#dddcde,1
#dddddd,1
#e9ebee,1
#e9e4d9,1
#ded4cc,1
#ded8d1,1
#ded8d7,1
#e9e3dc,1
#dedbd5,1
#dedbe6,1
#dedfd7,1
#dedfe7,1
#dddcda,1
#d6d7d9,1
#d6dde4,1
#ebe6ed,1
#d7dfee,1
#d8cba8,1
#d8d8d8,1
#ebe5e1,1
#ebe1d9,1
#d9b696,1
#d9cdc2,1
#d9d3d3,1
#dbdbdb,1
#dabcc3,1
#dad0d2,1
#dad1d5,1
#dad4d9,1
#dad4e4,1
#dad5cc,1
#dad7d8,1
#ebe0da,1
#dadada,1
#ebe0d6,1
#eae7e5,1
#dbcfce,1
#d9deee,1
#e3e8f1,1
#e7eaef,1
#e4d2be,1
#e7e9ec,1
#e4d7c8,1
#e7e5e1,1
#e4ded7,1
#e4e5eb,1
#e7e4e9,1
#e4e8e9,1
#e7e3e2,1
#dee1e3,1
#e7e2dd,1
#e5e3df,1
#e5e3ea,1
#e5e4f2,1
#e5e8ed,1
#e5e9ea,1
#e7deca,1
#e7dcdd,1
#e5ecf9,1
#e6decd,1
#e6e6e6,1
#e6e6ec,1
#e5dcd4,1
#dee8ea,1
#dfd6e1,1
#e0bc92,1
#e9e0eb,1
#e0dbd8,1
#e0e0e6,1
#e0e2e2,1
#e0e8ea,1
#e9c7b6,1
#e1e2e4,1
#e1e9eb,1
#e7ebee,1
#e8ebed,1
#e2dce8,1
#e2ded7,1
#e2dfde,1
#e8e9ea,1
#e8e4e7,1
#e3d5c4,1
#e3ded9,1
#e3e3dd,1
#e3e5ed,1
#e3e7e8,1
#e3e8ed,1
#e2ccbe,1
#c9c4c5,1
#eee6d3,1
#eeddc5,1
#caaf99,1
#cac2b8,1
#eed4c1,1
#cac6bd,1
#cac6c3,1
#eec69b,1
#cad1d7,1
#cbb09e,1
#d6d4d6,1
#cbbebc,1
#cc2b3a,1
#ecf0f1,1
#ccb29b,1
#ccb488,1
#ecefee,1
#ccc2b3,1
#ecece6,1
#cccdcf,1
#ccd0d1,1
#ccd1d9,1
#ccd7da,1
#cbb0a0,1
#c6c4c0,1
#c6c8cb,1
#c6cdec,1
#c7b296,1
#c7bdb6,1
#efeff3,1
#c7c5c2,1
#efe9eb,1
#eef1f6,1
#c7c9c7,1
#c7c9d3,1
#c9beb3,1
#c7cbd2,1
#c7daec,1
#c8aaa5,1
#eeeeee,1
#c8b395,1
#c8bba7,1
#eeeaed,1
#c8c3c4,1
#eee6e2,1
#c8ccd3,1
#c9aa93,1
#c9baac,1
#eef0f4,1
#d2904b,1
#d2c3b5,1
#d2d4de,1
#d2d5d6,1
#ece4de,1
#d2efe2,1
#ece1db,1
#d3d1d1,1
#d3d2d6,1
#d3d6d7,1
#d3eaf7,1
#cda287,1
#d4cbcf,1
#ebedf1,1
#d4ccc2,1
#d4cdc8,1
#d4ceb6,1
#d4e1e8,1
#d5c3b6,1
#ebecee,1
#d5cfc2,1
#d5dfe1,1
#d6d0cf,1
#ebe9ef,1
#ebeff7,1
#cdb5a0,1
#cdbab1,1
#cdc1b6,1
#cec09a,1
#cec2a9,1
#cec2b5,1
#ece7ea,1
#cecfd1,1
#ced3dc,1
#cfc5c4,1
#ece7dc,1
#cfd2cd,1
#d1dde3,1
#d0c2e2,1
#d0cccb,1
#d0cdc2,1
#d0cfd1,1
#d1bda8,1
#d1c4bb,1
#d1c8c2,1
#d1c9cb,1
#ece6e2,1
#d1d3d0,1
#d1d6db,1
#d1dae4,1
#cfd5d3,1
#161416,1
#161720,1
#161a19,1
#170b0a,1
#170d12,1
#170e0a,1
#170e0c,1
#170f09,1
#170f57,1
#17110f,1
#171212,1
#171413,1
#17141e,1
#f7f8fa,1
#171618,1
#171714,1
#17171e,1
#171819,1
#171919,1
#171b21,1
#171f18,1
#181413,1
#181615,1
#181818,1
#181b1e,1
#181d1a,1
#181d29,1
#181f24,1
#171510,1
#12130f,1
#12131b,1
#121617,1
#121719,1
#121815,1
#130a0a,1
#130f12,1
#131212,1
#131320,1
#131417,1
#131618,1
#13171d,1
#131b14,1
#161213,1
#140e13,1
#141516,1
#141616,1
#14181b,1
#141a19,1
#141a1b,1
#150a06,1
#150d08,1
#150f0c,1
#151216,1
#151617,1
#151a1a,1
#160f0a,1
#16100d,1
#140d07,1
#1d1d1d,1
#1d1e17,1
#1d2520,1
#1d3978,1
#1e191a,1
#1e2024,1
#1f0e13,1
#1f1716,1
#1f191c,1
#1f1a14,1
#1f1c1a,1
#1f1c1d,1
#1f2024,1
#187572,1
#20191d,1
#201f22,1
#202024,1
#21161a,1
#21222b,1
#221911,1
#221b1b,1
#221e1f,1
#221f20,1
#222024,1
#222324,1
#231312,1
#231e10,1
#232a25,1
#1f2123,1
#190f09,1
#191214,1
#19171c,1
#191919,1
#191a1d,1
#191b16,1
#191c20,1
#191c27,1
#191d1e,1
#191e17,1
#19322b,1
#1a0d0a,1
#1a1819,1
#1d1a1e,1
#1a1918,1
#1a1a1d,1
#1a293d,1
#1b1413,1
#1b1517,1
#1b191c,1
#1b201e,1
#1b2f23,1
#1c1409,1
#1c1a1f,1
#1c1d26,1
#1c253a,1
#1d0714,1
#1d1010,1
#1a181e,1
#060a08,1
#060a10,1
#060c14,1
#060d0f,1
#061014,1
#061317,1
#061a1b,1
#070c13,1
#070d15,1
#070e0d,1
#070f15,1
#07100f,1
#071521,1
#120f13,1
#080a0e,1
#081218,1
#08141a,1
#081719,1
#081b1e,1
#090204,1
#090a10,1
#090b0f,1
#090d0f,1
#090e20,1
#09100a,1
#091016,1
#091412,1
#0a0b11,1
#080203,1
#f8efe9,1
#f8f9f4,1
#f8fcf6,1
#f9caab,1
#f9e7cf,1
#f9f6f7,1
#faf3f3,1
#fafafa,1
#fb95bb,1
#fbffff,1
#fc6ddb,1
#fcfefe,1
#fcffff,1
#060a06,1
#030606,1
#030713,1
#03080a,1
#030a08,1
#030c07,1
#030c0c,1
#040807,1
#05090f,1
#050a0b,1
#050b0e,1
#050c0a,1
#050d0d,1
#051316,1
#060203,1
#fdfeff,1
#0f090a,1
#0f0d10,1
#0f0e06,1
#0f100e,1
#0f1016,1
#0f1116,1
#0f1211,1
#0f1219,1
#0f1317,1
#0f1319,1
#100a04,1
#100c0a,1
#100f10,1
#0a0b13,1
#101218,1
#101317,1
#101514,1
#10161a,1
#110f12,1
#111217,1
#11140f,1
#111919,1
#113b33,1
#12070a,1
#120d0a,1
#120d0c,1
#120d16,1
#120f10,1
#101113,1
#0a0d10,1
#0a0d15,1
#0a0f0b,1
#0a0f19,1
#0a100f,1
#0a1517,1
#0b0605,1
#0b0b0f,1
#0b0d16,1
#0b1319,1
#0c0806,1
#0c0a05,1
#0c0c15,1
#0c101f,1
#0f0301,1
#0d0a0b,1
#0d0e10,1
#0d0f0c,1
#0d0f13,1
#0d1016,1
#0d1117,1
#0d1318,1
#0d1417,1
#0d1418,1
#0d1826,1
#0d1920,1
#0e0a0f,1
#0e0d12,1
#0e3262,1
#0d090e,1
#69637e,1
#6b493f,1
#6b6363,1
#6b6875,1
#6c5b4d,1
#6d6e75,1
#6e758a,1
#6e8ce2,1
#6f6e75,1
#704e45,1
#70695e,1
#706c6d,1
#716456,1
#242627,1
#73afd7,1
#746237,1
#746448,1
#756246,1
#767582,1
#776c62,1
#777575,1
#777779,1
#78363e,1
#787284,1
#788097,1
#797570,1
#797d7b,1
#797f85,1
#72888d,1
#575965,1
#594e5f,1
#595461,1
#5a312c,1
#5a524b,1
#5a5750,1
#5b5061,1
#5b5d5b,1
#5e553c,1
#5e5651,1
#5f5350,1
#5f5c61,1
#5f5c67,1
#695d4d,1
#615b52,1
#624648,1
#631821,1
#63594e,1
#635e68,1
#64332b,1
#6683a1,1
#674c31,1
#675449,1
#676265,1
#676567,1
#685860,1
#694962,1
#69574f,1
#60574f,1
#892a25,1
#898989,1
#899599,1
#8a837c,1
#8a8885,1
#8c908d,1
#8e3542,1
#8e8783,1
#906a6a,1
#90867b,1
#918172,1
#934425,1
#939393,1
#7c7069,1
#943230,1
#949494,1
#956553,1
#95928d,1
#95949c,1
#95989d,1
#989084,1
#989182,1
#998b7e,1
#999587,1
#999a9c,1
#9b9b9b,1
#9c5641,1
#9c989b,1
#939495,1
#7c7571,1
#7c7585,1
#7d7a79,1
#7e5f61,1
#7e7b76,1
#7f6054,1
#7f6062,1
#7f7364,1
#7f756b,1
#7f9dbb,1
#80725a,1
#807b71,1
#807f83,1
#888e9b,1
#817b79,1
#817c76,1
#817f74,1
#826b5f,1
#827b74,1
#837172,1
#837e51,1
#846e5f,1
#84796b,1
#848157,1
#857e7a,1
#877a74,1
#886c67,1
#887d71,1
#8097a8,1
#362c28,1
#363131,1
#37322d,1
#373334,1
#38321a,1
#38322e,1
#383333,1
#393c3a,1
#39412a,1
#3a3936,1
#3b2d24,1
#3b432c,1
#3ba4c6,1
#575962,1
#3c2e30,1
#3c3c3c,1
#3c4040,1
#3d2419,1
#3d2d2b,1
#3d2f2c,1
#3d3643,1
#3d3737,1
#3d4143,1
#3e2a10,1
#3f2d37,1
#3f392f,1
#403b41,1
#403c22,1
#3c291a,1
#251d1c,1
#25211c,1
#271818,1
#271f1f,1
#272426,1
#283022,1
#283240,1
#292829,1
#29398a,1
#2b2b2e,1
#2b3a2d,1
#2c2b2a,1
#2d1a16,1
#362327,1
#2d2f2e,1
#2d3039,1
#2e2b35,1
#2f150f,1
#2f2f32,1
#2f3130,1
#302822,1
#302825,1
#321220,1
#321c13,1
#33251d,1
#332b1c,1
#343432,1
#352624,1
#2d2526,1
#4c7216,1
#4d4439,1
#4d4a44,1
#4d4d55,1
#4e443e,1
#4e4d52,1
#4f4f39,1
#4f5355,1
#501a18,1
#504e59,1
#505157,1
#505e60,1
#513b27,1
#403e3e,1
#524b50,1
#524f5f,1
#52789e,1
#534b51,1
#534f55,1
#535151,1
#545451,1
#545563,1
#555128,1
#56251f,1
#56483e,1
#564b3b,1
#56585b,1
#575755,1
#514952,1
#413940,1
#413f3a,1
#423a4c,1
#433527,1
#437f65,1
#44263a,1
#44424e,1
#444921,1
#444b30,1
#453637,1
#454140,1
#45434c,1
#45464c,1
#454954,1
#4c4465,1
#46413a,1
#473f37,1
#47423c,1
#47637a,1
#483f34,1
#484240,1
#484549,1
#484a50,1
#484b58,1
#4a363c,1
#4a3d35,1
#4a3f32,1
#4c3e32,1
#4c403b,1
#463d2e,1
